adm0,adm1,adm2,adm3,date,confirmedCount,curedCount,deadCount
Austria,,,,2020-03-27,7697.0,,
Austria,,,,2020-03-28,8346.0,,
Austria,,,,2020-03-29,9103.0,,
Austria,,,,2020-03-30,9772.0,,
Austria,,,,2020-03-31,10366.0,,
Austria,,,,2020-04-01,10842.0,,
Austria,,,,2020-04-02,11199.0,,
Austria,,,,2020-04-03,11589.0,,
Austria,,,,2020-04-04,11770.0,,
Austria,,,,2020-04-05,12058.0,,
Austria,,,,2020-04-06,12390.0,,
Austria,,,,2020-04-07,12721.0,,
Austria,,,,2020-04-08,13005.0,,
Austria,,,,2020-04-09,13337.0,,
Austria,,,,2020-04-10,13667.0,,
Austria,,,,2020-04-11,13838.0,,
Austria,,,,2020-04-12,13962.0,,
Austria,,,,2020-04-13,14100.0,,
Austria,,,,2020-04-14,14265.0,,
Austria,,,,2020-04-15,14321.0,8098.0,393.0
Austria,,,,2020-04-16,14451.0,8986.0,410.0
Austria,,,,2020-04-17,14553.0,9704.0,431.0
Austria,,,,2020-04-18,14637.0,10214.0,443.0
Austria,,,,2020-04-19,14696.0,10501.0,452.0
Austria,,,,2020-04-20,14755.0,10631.0,470.0
Austria,,,,2020-04-21,14810.0,10971.0,491.0
Austria,,,,2020-04-22,14889.0,11328.0,510.0
Austria,,,,2020-04-23,14963.0,11694.0,522.0
Austria,,,,2020-04-24,15038.0,11872.0,530.0
Austria,,,,2020-04-25,15117.0,12103.0,536.0
Austria,,,,2020-04-26,15175.0,12282.0,542.0
Austria,,,,2020-04-27,15239.0,12362.0,549.0
Austria,,,,2020-04-28,15286.0,12580.0,569.0
Austria,,,,2020-04-29,15352.0,12779.0,580.0
Austria,,,,2020-04-30,15424.0,12907.0,584.0
Austria,,,,2020-05-01,15470.0,13092.0,589.0
Austria,,,,2020-05-02,15508.0,13180.0,596.0
Austria,,,,2020-05-03,15527.0,13228.0,598.0
Austria,,,,2020-05-04,15551.0,13316.0,600.0
Austria,,,,2020-05-05,15579.0,13462.0,606.0
Austria,,,,2020-05-06,15633.0,13639.0,608.0
Austria,,,,2020-05-07,15665.0,13698.0,609.0
Austria,,,,2020-05-08,15714.0,13836.0,614.0
Austria,,,,2020-05-09,15756.0,13928.0,615.0
Austria,,,,2020-05-10,15786.0,13991.0,618.0
Austria,,,,2020-05-11,15845.0,14061.0,620.0
Austria,,,,2020-05-12,15894.0,14148.0,623.0
Austria,,,,2020-05-13,15973.0,14304.0,624.0
Austria,,,,2020-05-14,16014.0,14405.0,626.0
Austria,,,,2020-05-15,16093.0,14471.0,628.0
Austria,,,,2020-05-16,16146.0,14524.0,629.0
Austria,,,,2020-05-17,16167.0,14563.0,629.0
Austria,,,,2020-05-18,16201.0,14614.0,629.0
Austria,,,,2020-05-19,16261.0,14678.0,632.0
Austria,,,,2020-05-20,16295.0,14882.0,633.0
Austria,,,,2020-05-21,16335.0,14951.0,633.0
Austria,,,,2020-05-22,16388.0,15005.0,635.0
Austria,,,,2020-05-23,16414.0,15035.0,639.0
Austria,,,,2020-05-24,16440.0,15063.0,640.0
Austria,,,,2020-05-25,16459.0,15138.0,641.0
Austria,,,,2020-05-26,16497.0,15182.0,643.0
Austria,,,,2020-05-27,16514.0,15228.0,645.0
Austria,,,,2020-05-28,16544.0,15286.0,668.0
Austria,,,,2020-05-29,16575.0,15347.0,668.0
Austria,,,,2020-05-30,16627.0,15520.0,668.0
Austria,,,,2020-05-31,16638.0,15593.0,668.0
Austria,,,,2020-06-01,16643.0,15596.0,668.0
Austria,,,,2020-06-02,16664.0,15629.0,669.0
Austria,,,,2020-06-03,16700.0,15672.0,670.0
Austria,,,,2020-06-04,16731.0,15717.0,670.0
Austria,,,,2020-06-05,16757.0,15742.0,672.0
Austria,,,,2020-06-06,16817.0,15789.0,672.0
Austria,,,,2020-06-07,16854.0,15793.0,672.0
Austria,Burgenland,,,2020-03-07,4.0,,
Austria,Burgenland,,,2020-03-08,4.0,,
Austria,Burgenland,,,2020-03-09,4.0,,
Austria,Burgenland,,,2020-03-10,4.0,,
Austria,Burgenland,,,2020-03-11,4.0,,
Austria,Burgenland,,,2020-03-12,6.0,,
Austria,Burgenland,,,2020-03-13,7.0,0.0,0.0
Austria,Burgenland,,,2020-03-14,10.0,0.0,0.0
Austria,Burgenland,,,2020-03-15,10.0,0.0,0.0
Austria,Burgenland,,,2020-03-16,10.0,0.0,0.0
Austria,Burgenland,,,2020-03-17,11.0,0.0,0.0
Austria,Burgenland,,,2020-03-18,20.0,0.0,0.0
Austria,Burgenland,,,2020-03-19,29.0,0.0,0.0
Austria,Burgenland,,,2020-03-20,33.0,0.0,0.0
Austria,Burgenland,,,2020-03-21,54.0,0.0,0.0
Austria,Burgenland,,,2020-03-22,63.0,0.0,0.0
Austria,Burgenland,,,2020-03-23,71.0,0.0,0.0
Austria,Burgenland,,,2020-03-24,84.0,0.0,0.0
Austria,Burgenland,,,2020-03-25,89.0,0.0,0.0
Austria,Burgenland,,,2020-03-26,115.0,0.0,0.0
Austria,Burgenland,,,2020-03-27,140.0,,
Austria,Burgenland,,,2020-03-28,153.0,,
Austria,Burgenland,,,2020-03-29,177.0,,
Austria,Burgenland,,,2020-03-30,181.0,,
Austria,Burgenland,,,2020-03-31,187.0,,
Austria,Burgenland,,,2020-04-01,199.0,,
Austria,Burgenland,,,2020-04-02,204.0,,
Austria,Burgenland,,,2020-04-03,217.0,,
Austria,Burgenland,,,2020-04-04,224.0,,
Austria,Burgenland,,,2020-04-05,228.0,,
Austria,Burgenland,,,2020-04-06,234.0,,
Austria,Burgenland,,,2020-04-07,242.0,,
Austria,Burgenland,,,2020-04-08,243.0,,
Austria,Burgenland,,,2020-04-09,248.0,,
Austria,Burgenland,,,2020-04-10,259.0,,
Austria,Burgenland,,,2020-04-11,260.0,,
Austria,Burgenland,,,2020-04-12,266.0,,
Austria,Burgenland,,,2020-04-13,270.0,,
Austria,Burgenland,,,2020-04-14,126.0,,
Austria,Burgenland,,,2020-04-15,278.0,148.0,6.0
Austria,Burgenland,,,2020-04-16,286.0,165.0,6.0
Austria,Burgenland,,,2020-04-17,289.0,167.0,7.0
Austria,Burgenland,,,2020-04-18,298.0,181.0,7.0
Austria,Burgenland,,,2020-04-19,302.0,198.0,8.0
Austria,Burgenland,,,2020-04-20,307.0,200.0,8.0
Austria,Burgenland,,,2020-04-21,310.0,210.0,8.0
Austria,Burgenland,,,2020-04-22,311.0,227.0,9.0
Austria,Burgenland,,,2020-04-23,314.0,226.0,9.0
Austria,Burgenland,,,2020-04-24,315.0,230.0,8.0
Austria,Burgenland,,,2020-04-25,316.0,235.0,8.0
Austria,Burgenland,,,2020-04-26,317.0,234.0,9.0
Austria,Burgenland,,,2020-04-27,320.0,236.0,9.0
Austria,Burgenland,,,2020-04-28,321.0,242.0,10.0
Austria,Burgenland,,,2020-04-29,322.0,246.0,10.0
Austria,Burgenland,,,2020-04-30,325.0,250.0,10.0
Austria,Burgenland,,,2020-05-01,326.0,255.0,10.0
Austria,Burgenland,,,2020-05-02,327.0,256.0,10.0
Austria,Burgenland,,,2020-05-03,327.0,258.0,10.0
Austria,Burgenland,,,2020-05-04,328.0,261.0,11.0
Austria,Burgenland,,,2020-05-05,329.0,261.0,11.0
Austria,Burgenland,,,2020-05-06,330.0,264.0,11.0
Austria,Burgenland,,,2020-05-07,330.0,269.0,11.0
Austria,Burgenland,,,2020-05-08,330.0,272.0,11.0
Austria,Burgenland,,,2020-05-09,331.0,279.0,11.0
Austria,Burgenland,,,2020-05-10,330.0,282.0,11.0
Austria,Burgenland,,,2020-05-11,331.0,283.0,11.0
Austria,Burgenland,,,2020-05-12,332.0,290.0,11.0
Austria,Burgenland,,,2020-05-13,335.0,297.0,11.0
Austria,Burgenland,,,2020-05-14,334.0,300.0,11.0
Austria,Burgenland,,,2020-05-15,334.0,302.0,11.0
Austria,Burgenland,,,2020-05-16,335.0,308.0,11.0
Austria,Burgenland,,,2020-05-17,337.0,311.0,11.0
Austria,Burgenland,,,2020-05-18,337.0,312.0,11.0
Austria,Burgenland,,,2020-05-19,338.0,316.0,11.0
Austria,Burgenland,,,2020-05-20,336.0,316.0,11.0
Austria,Burgenland,,,2020-05-21,336.0,317.0,11.0
Austria,Burgenland,,,2020-05-22,337.0,318.0,11.0
Austria,Burgenland,,,2020-05-23,338.0,318.0,11.0
Austria,Burgenland,,,2020-05-24,340.0,318.0,11.0
Austria,Burgenland,,,2020-05-25,341.0,320.0,11.0
Austria,Burgenland,,,2020-05-26,341.0,320.0,11.0
Austria,Burgenland,,,2020-05-27,340.0,321.0,11.0
Austria,Burgenland,,,2020-05-28,341.0,324.0,11.0
Austria,Burgenland,,,2020-05-29,341.0,325.0,11.0
Austria,Burgenland,,,2020-05-30,342.0,325.0,11.0
Austria,Burgenland,,,2020-05-31,342.0,325.0,11.0
Austria,Burgenland,,,2020-06-01,342.0,326.0,11.0
Austria,Burgenland,,,2020-06-02,342.0,327.0,11.0
Austria,Burgenland,,,2020-06-03,342.0,328.0,11.0
Austria,Burgenland,,,2020-06-04,342.0,328.0,11.0
Austria,Burgenland,,,2020-06-05,342.0,329.0,11.0
Austria,Burgenland,,,2020-06-06,342.0,329.0,11.0
Austria,Burgenland,,,2020-06-07,342.0,329.0,11.0
Austria,Kärnten,,,2020-03-05,1.0,,
Austria,Kärnten,,,2020-03-06,1.0,,
Austria,Kärnten,,,2020-03-07,1.0,,
Austria,Kärnten,,,2020-03-08,1.0,,
Austria,Kärnten,,,2020-03-09,1.0,,
Austria,Kärnten,,,2020-03-10,1.0,,
Austria,Kärnten,,,2020-03-11,3.0,,
Austria,Kärnten,,,2020-03-12,3.0,,
Austria,Kärnten,,,2020-03-13,4.0,0.0,0.0
Austria,Kärnten,,,2020-03-14,5.0,0.0,0.0
Austria,Kärnten,,,2020-03-15,6.0,0.0,0.0
Austria,Kärnten,,,2020-03-16,18.0,0.0,0.0
Austria,Kärnten,,,2020-03-17,27.0,0.0,0.0
Austria,Kärnten,,,2020-03-18,41.0,0.0,0.0
Austria,Kärnten,,,2020-03-19,50.0,0.0,0.0
Austria,Kärnten,,,2020-03-20,71.0,0.0,0.0
Austria,Kärnten,,,2020-03-21,83.0,0.0,0.0
Austria,Kärnten,,,2020-03-22,105.0,0.0,0.0
Austria,Kärnten,,,2020-03-23,122.0,0.0,0.0
Austria,Kärnten,,,2020-03-24,141.0,0.0,0.0
Austria,Kärnten,,,2020-03-25,161.0,0.0,0.0
Austria,Kärnten,,,2020-03-26,183.0,0.0,0.0
Austria,Kärnten,,,2020-03-27,204.0,,
Austria,Kärnten,,,2020-03-28,224.0,,
Austria,Kärnten,,,2020-03-29,260.0,,
Austria,Kärnten,,,2020-03-30,269.0,,
Austria,Kärnten,,,2020-03-31,288.0,,
Austria,Kärnten,,,2020-04-01,297.0,,
Austria,Kärnten,,,2020-04-02,300.0,,
Austria,Kärnten,,,2020-04-03,307.0,,
Austria,Kärnten,,,2020-04-04,310.0,,
Austria,Kärnten,,,2020-04-05,330.0,,
Austria,Kärnten,,,2020-04-06,333.0,,
Austria,Kärnten,,,2020-04-07,341.0,,
Austria,Kärnten,,,2020-04-08,361.0,,
Austria,Kärnten,,,2020-04-09,366.0,,
Austria,Kärnten,,,2020-04-10,376.0,,
Austria,Kärnten,,,2020-04-11,383.0,,
Austria,Kärnten,,,2020-04-12,385.0,,
Austria,Kärnten,,,2020-04-13,386.0,,
Austria,Kärnten,,,2020-04-14,136.0,,
Austria,Kärnten,,,2020-04-15,388.0,255.0,8.0
Austria,Kärnten,,,2020-04-16,389.0,269.0,8.0
Austria,Kärnten,,,2020-04-17,394.0,274.0,8.0
Austria,Kärnten,,,2020-04-18,394.0,295.0,9.0
Austria,Kärnten,,,2020-04-19,394.0,302.0,10.0
Austria,Kärnten,,,2020-04-20,394.0,307.0,10.0
Austria,Kärnten,,,2020-04-21,402.0,316.0,12.0
Austria,Kärnten,,,2020-04-22,402.0,331.0,12.0
Austria,Kärnten,,,2020-04-23,402.0,346.0,12.0
Austria,Kärnten,,,2020-04-24,402.0,356.0,12.0
Austria,Kärnten,,,2020-04-25,404.0,360.0,12.0
Austria,Kärnten,,,2020-04-26,404.0,364.0,12.0
Austria,Kärnten,,,2020-04-27,407.0,368.0,12.0
Austria,Kärnten,,,2020-04-28,410.0,372.0,12.0
Austria,Kärnten,,,2020-04-29,410.0,378.0,12.0
Austria,Kärnten,,,2020-04-30,410.0,379.0,12.0
Austria,Kärnten,,,2020-05-01,410.0,381.0,12.0
Austria,Kärnten,,,2020-05-02,410.0,381.0,12.0
Austria,Kärnten,,,2020-05-03,410.0,382.0,13.0
Austria,Kärnten,,,2020-05-04,410.0,382.0,13.0
Austria,Kärnten,,,2020-05-05,411.0,383.0,13.0
Austria,Kärnten,,,2020-05-06,411.0,385.0,13.0
Austria,Kärnten,,,2020-05-07,411.0,385.0,13.0
Austria,Kärnten,,,2020-05-08,411.0,386.0,13.0
Austria,Kärnten,,,2020-05-09,411.0,387.0,13.0
Austria,Kärnten,,,2020-05-10,411.0,388.0,13.0
Austria,Kärnten,,,2020-05-11,411.0,389.0,13.0
Austria,Kärnten,,,2020-05-12,411.0,388.0,13.0
Austria,Kärnten,,,2020-05-13,410.0,388.0,13.0
Austria,Kärnten,,,2020-05-14,411.0,389.0,13.0
Austria,Kärnten,,,2020-05-15,411.0,390.0,13.0
Austria,Kärnten,,,2020-05-16,411.0,390.0,13.0
Austria,Kärnten,,,2020-05-17,411.0,390.0,13.0
Austria,Kärnten,,,2020-05-18,411.0,390.0,13.0
Austria,Kärnten,,,2020-05-19,411.0,392.0,13.0
Austria,Kärnten,,,2020-05-20,411.0,393.0,13.0
Austria,Kärnten,,,2020-05-21,411.0,393.0,13.0
Austria,Kärnten,,,2020-05-22,411.0,393.0,13.0
Austria,Kärnten,,,2020-05-23,411.0,395.0,13.0
Austria,Kärnten,,,2020-05-24,411.0,395.0,13.0
Austria,Kärnten,,,2020-05-25,411.0,396.0,13.0
Austria,Kärnten,,,2020-05-26,413.0,397.0,13.0
Austria,Kärnten,,,2020-05-27,414.0,398.0,13.0
Austria,Kärnten,,,2020-05-28,414.0,398.0,13.0
Austria,Kärnten,,,2020-05-29,414.0,398.0,13.0
Austria,Kärnten,,,2020-05-30,414.0,398.0,13.0
Austria,Kärnten,,,2020-05-31,414.0,398.0,13.0
Austria,Kärnten,,,2020-06-01,414.0,398.0,13.0
Austria,Kärnten,,,2020-06-02,415.0,398.0,13.0
Austria,Kärnten,,,2020-06-03,416.0,398.0,13.0
Austria,Kärnten,,,2020-06-04,416.0,398.0,13.0
Austria,Kärnten,,,2020-06-05,416.0,398.0,13.0
Austria,Kärnten,,,2020-06-06,416.0,398.0,13.0
Austria,Kärnten,,,2020-06-07,416.0,398.0,13.0
Austria,Niederösterreich,,,2020-03-04,5.0,,
Austria,Niederösterreich,,,2020-03-05,13.0,,
Austria,Niederösterreich,,,2020-03-06,15.0,,
Austria,Niederösterreich,,,2020-03-07,23.0,,
Austria,Niederösterreich,,,2020-03-08,31.0,,
Austria,Niederösterreich,,,2020-03-09,36.0,,
Austria,Niederösterreich,,,2020-03-10,40.0,,
Austria,Niederösterreich,,,2020-03-11,45.0,,
Austria,Niederösterreich,,,2020-03-12,51.0,,
Austria,Niederösterreich,,,2020-03-13,63.0,1.0,0.0
Austria,Niederösterreich,,,2020-03-14,82.0,1.0,0.0
Austria,Niederösterreich,,,2020-03-15,111.0,1.0,0.0
Austria,Niederösterreich,,,2020-03-16,152.0,1.0,0.0
Austria,Niederösterreich,,,2020-03-17,216.0,2.0,0.0
Austria,Niederösterreich,,,2020-03-18,256.0,2.0,0.0
Austria,Niederösterreich,,,2020-03-19,305.0,2.0,0.0
Austria,Niederösterreich,,,2020-03-20,355.0,2.0,0.0
Austria,Niederösterreich,,,2020-03-21,394.0,2.0,0.0
Austria,Niederösterreich,,,2020-03-22,446.0,2.0,0.0
Austria,Niederösterreich,,,2020-03-23,564.0,0.0,0.0
Austria,Niederösterreich,,,2020-03-24,620.0,0.0,0.0
Austria,Niederösterreich,,,2020-03-25,750.0,0.0,0.0
Austria,Niederösterreich,,,2020-03-26,873.0,0.0,0.0
Austria,Niederösterreich,,,2020-03-27,1163.0,,
Austria,Niederösterreich,,,2020-03-28,1299.0,,
Austria,Niederösterreich,,,2020-03-29,1452.0,,
Austria,Niederösterreich,,,2020-03-30,1584.0,,
Austria,Niederösterreich,,,2020-03-31,1676.0,,
Austria,Niederösterreich,,,2020-04-01,1726.0,,
Austria,Niederösterreich,,,2020-04-02,1790.0,,
Austria,Niederösterreich,,,2020-04-03,1862.0,,
Austria,Niederösterreich,,,2020-04-04,1863.0,,
Austria,Niederösterreich,,,2020-04-05,1942.0,,
Austria,Niederösterreich,,,2020-04-06,2061.0,,
Austria,Niederösterreich,,,2020-04-07,2111.0,,
Austria,Niederösterreich,,,2020-04-08,2157.0,,
Austria,Niederösterreich,,,2020-04-09,2203.0,,
Austria,Niederösterreich,,,2020-04-10,2249.0,,
Austria,Niederösterreich,,,2020-04-11,2302.0,,
Austria,Niederösterreich,,,2020-04-12,2342.0,,
Austria,Niederösterreich,,,2020-04-13,2376.0,,
Austria,Niederösterreich,,,2020-04-14,1120.0,,
Austria,Niederösterreich,,,2020-04-15,2415.0,1315.0,71.0
Austria,Niederösterreich,,,2020-04-16,2436.0,1415.0,73.0
Austria,Niederösterreich,,,2020-04-17,2461.0,1498.0,77.0
Austria,Niederösterreich,,,2020-04-18,2469.0,1560.0,80.0
Austria,Niederösterreich,,,2020-04-19,2476.0,1560.0,82.0
Austria,Niederösterreich,,,2020-04-20,2495.0,1572.0,83.0
Austria,Niederösterreich,,,2020-04-21,2500.0,1623.0,85.0
Austria,Niederösterreich,,,2020-04-22,2519.0,1685.0,87.0
Austria,Niederösterreich,,,2020-04-23,2531.0,1841.0,88.0
Austria,Niederösterreich,,,2020-04-24,2546.0,1890.0,89.0
Austria,Niederösterreich,,,2020-04-25,2553.0,1950.0,90.0
Austria,Niederösterreich,,,2020-04-26,2562.0,2026.0,90.0
Austria,Niederösterreich,,,2020-04-27,2573.0,2042.0,92.0
Austria,Niederösterreich,,,2020-04-28,2577.0,2101.0,92.0
Austria,Niederösterreich,,,2020-04-29,2591.0,2141.0,92.0
Austria,Niederösterreich,,,2020-04-30,2619.0,2164.0,92.0
Austria,Niederösterreich,,,2020-05-01,2625.0,2221.0,92.0
Austria,Niederösterreich,,,2020-05-02,2630.0,2238.0,92.0
Austria,Niederösterreich,,,2020-05-03,2633.0,2255.0,92.0
Austria,Niederösterreich,,,2020-05-04,2638.0,2270.0,93.0
Austria,Niederösterreich,,,2020-05-05,2650.0,2310.0,95.0
Austria,Niederösterreich,,,2020-05-06,2661.0,2369.0,95.0
Austria,Niederösterreich,,,2020-05-07,2666.0,2370.0,95.0
Austria,Niederösterreich,,,2020-05-08,2682.0,2394.0,95.0
Austria,Niederösterreich,,,2020-05-09,2684.0,2405.0,95.0
Austria,Niederösterreich,,,2020-05-10,2687.0,2414.0,95.0
Austria,Niederösterreich,,,2020-05-11,2704.0,2418.0,95.0
Austria,Niederösterreich,,,2020-05-12,2709.0,2433.0,95.0
Austria,Niederösterreich,,,2020-05-13,2720.0,2467.0,95.0
Austria,Niederösterreich,,,2020-05-14,2732.0,2487.0,97.0
Austria,Niederösterreich,,,2020-05-15,2765.0,2503.0,97.0
Austria,Niederösterreich,,,2020-05-16,2780.0,2510.0,98.0
Austria,Niederösterreich,,,2020-05-17,2785.0,2512.0,98.0
Austria,Niederösterreich,,,2020-05-18,2798.0,2516.0,98.0
Austria,Niederösterreich,,,2020-05-19,2789.0,2529.0,99.0
Austria,Niederösterreich,,,2020-05-20,2799.0,2557.0,99.0
Austria,Niederösterreich,,,2020-05-21,2806.0,2562.0,99.0
Austria,Niederösterreich,,,2020-05-22,2838.0,2574.0,100.0
Austria,Niederösterreich,,,2020-05-23,2830.0,2583.0,100.0
Austria,Niederösterreich,,,2020-05-24,2835.0,2596.0,100.0
Austria,Niederösterreich,,,2020-05-25,2845.0,2604.0,100.0
Austria,Niederösterreich,,,2020-05-26,2851.0,2621.0,100.0
Austria,Niederösterreich,,,2020-05-27,2860.0,2633.0,100.0
Austria,Niederösterreich,,,2020-05-28,2861.0,2647.0,100.0
Austria,Niederösterreich,,,2020-05-29,2864.0,2654.0,100.0
Austria,Niederösterreich,,,2020-05-30,2866.0,2667.0,100.0
Austria,Niederösterreich,,,2020-05-31,2866.0,2673.0,100.0
Austria,Niederösterreich,,,2020-06-01,2866.0,2673.0,100.0
Austria,Niederösterreich,,,2020-06-02,2866.0,2678.0,100.0
Austria,Niederösterreich,,,2020-06-03,2868.0,2687.0,100.0
Austria,Niederösterreich,,,2020-06-04,2870.0,2695.0,100.0
Austria,Niederösterreich,,,2020-06-05,2876.0,2699.0,100.0
Austria,Niederösterreich,,,2020-06-06,2880.0,2706.0,100.0
Austria,Niederösterreich,,,2020-06-07,2883.0,2707.0,100.0
Austria,Oberösterreich,,,2020-03-06,1.0,,
Austria,Oberösterreich,,,2020-03-07,4.0,,
Austria,Oberösterreich,,,2020-03-08,7.0,,
Austria,Oberösterreich,,,2020-03-09,11.0,,
Austria,Oberösterreich,,,2020-03-10,22.0,,
Austria,Oberösterreich,,,2020-03-11,35.0,,
Austria,Oberösterreich,,,2020-03-12,58.0,,
Austria,Oberösterreich,,,2020-03-13,84.0,0.0,0.0
Austria,Oberösterreich,,,2020-03-14,116.0,0.0,0.0
Austria,Oberösterreich,,,2020-03-15,159.0,0.0,0.0
Austria,Oberösterreich,,,2020-03-16,202.0,0.0,0.0
Austria,Oberösterreich,,,2020-03-17,248.0,0.0,0.0
Austria,Oberösterreich,,,2020-03-18,305.0,0.0,0.0
Austria,Oberösterreich,,,2020-03-19,371.0,0.0,0.0
Austria,Oberösterreich,,,2020-03-20,421.0,0.0,0.0
Austria,Oberösterreich,,,2020-03-21,548.0,0.0,0.0
Austria,Oberösterreich,,,2020-03-22,628.0,0.0,0.0
Austria,Oberösterreich,,,2020-03-23,707.0,0.0,0.0
Austria,Oberösterreich,,,2020-03-24,795.0,0.0,0.0
Austria,Oberösterreich,,,2020-03-25,915.0,0.0,0.0
Austria,Oberösterreich,,,2020-03-27,1285.0,,
Austria,Oberösterreich,,,2020-03-28,1402.0,,
Austria,Oberösterreich,,,2020-03-29,1527.0,,
Austria,Oberösterreich,,,2020-03-30,1573.0,,
Austria,Oberösterreich,,,2020-03-31,1656.0,,
Austria,Oberösterreich,,,2020-04-01,1748.0,,
Austria,Oberösterreich,,,2020-04-02,1810.0,,
Austria,Oberösterreich,,,2020-04-03,1869.0,,
Austria,Oberösterreich,,,2020-04-04,1916.0,,
Austria,Oberösterreich,,,2020-04-05,1955.0,,
Austria,Oberösterreich,,,2020-04-06,1978.0,,
Austria,Oberösterreich,,,2020-04-07,2021.0,,
Austria,Oberösterreich,,,2020-04-08,2055.0,,
Austria,Oberösterreich,,,2020-04-09,2089.0,,
Austria,Oberösterreich,,,2020-04-10,2110.0,,
Austria,Oberösterreich,,,2020-04-11,2119.0,,
Austria,Oberösterreich,,,2020-04-12,2122.0,,
Austria,Oberösterreich,,,2020-04-13,2135.0,,
Austria,Oberösterreich,,,2020-04-14,578.0,,
Austria,Oberösterreich,,,2020-04-15,2162.0,1633.0,32.0
Austria,Oberösterreich,,,2020-04-16,2174.0,1714.0,34.0
Austria,Oberösterreich,,,2020-04-17,2183.0,1753.0,37.0
Austria,Oberösterreich,,,2020-04-18,2199.0,1822.0,37.0
Austria,Oberösterreich,,,2020-04-19,2200.0,1847.0,38.0
Austria,Oberösterreich,,,2020-04-20,2205.0,1884.0,41.0
Austria,Oberösterreich,,,2020-04-21,2211.0,1912.0,44.0
Austria,Oberösterreich,,,2020-04-22,2218.0,1944.0,47.0
Austria,Oberösterreich,,,2020-04-23,2222.0,1972.0,48.0
Austria,Oberösterreich,,,2020-04-24,2232.0,2007.0,48.0
Austria,Oberösterreich,,,2020-04-25,2239.0,2021.0,51.0
Austria,Oberösterreich,,,2020-04-26,2243.0,2022.0,52.0
Austria,Oberösterreich,,,2020-04-27,2248.0,2022.0,53.0
Austria,Oberösterreich,,,2020-04-28,2251.0,2040.0,53.0
Austria,Oberösterreich,,,2020-04-29,2252.0,2051.0,55.0
Austria,Oberösterreich,,,2020-04-30,2254.0,2074.0,55.0
Austria,Oberösterreich,,,2020-05-01,2255.0,2088.0,56.0
Austria,Oberösterreich,,,2020-05-02,2256.0,2102.0,56.0
Austria,Oberösterreich,,,2020-05-03,2257.0,2106.0,57.0
Austria,Oberösterreich,,,2020-05-04,2258.0,2110.0,56.0
Austria,Oberösterreich,,,2020-05-05,2258.0,2115.0,57.0
Austria,Oberösterreich,,,2020-05-06,2259.0,2131.0,57.0
Austria,Oberösterreich,,,2020-05-07,2263.0,2139.0,57.0
Austria,Oberösterreich,,,2020-05-08,2265.0,2151.0,57.0
Austria,Oberösterreich,,,2020-05-09,2267.0,2160.0,58.0
Austria,Oberösterreich,,,2020-05-10,2270.0,2163.0,58.0
Austria,Oberösterreich,,,2020-05-11,2266.0,2169.0,58.0
Austria,Oberösterreich,,,2020-05-12,2269.0,2170.0,58.0
Austria,Oberösterreich,,,2020-05-13,2268.0,2177.0,59.0
Austria,Oberösterreich,,,2020-05-14,2271.0,2177.0,59.0
Austria,Oberösterreich,,,2020-05-15,2274.0,2185.0,60.0
Austria,Oberösterreich,,,2020-05-16,2275.0,2189.0,60.0
Austria,Oberösterreich,,,2020-05-17,2275.0,2187.0,60.0
Austria,Oberösterreich,,,2020-05-18,2276.0,2187.0,60.0
Austria,Oberösterreich,,,2020-05-19,2288.0,2199.0,60.0
Austria,Oberösterreich,,,2020-05-20,2284.0,2200.0,60.0
Austria,Oberösterreich,,,2020-05-21,2286.0,2197.0,60.0
Austria,Oberösterreich,,,2020-05-22,2287.0,2199.0,60.0
Austria,Oberösterreich,,,2020-05-23,2289.0,2202.0,60.0
Austria,Oberösterreich,,,2020-05-24,2290.0,2203.0,60.0
Austria,Oberösterreich,,,2020-05-25,2290.0,2204.0,60.0
Austria,Oberösterreich,,,2020-05-26,2291.0,2207.0,60.0
Austria,Oberösterreich,,,2020-05-27,2292.0,2209.0,60.0
Austria,Oberösterreich,,,2020-05-28,2292.0,2212.0,60.0
Austria,Oberösterreich,,,2020-05-29,2294.0,2212.0,60.0
Austria,Oberösterreich,,,2020-05-30,2295.0,2214.0,60.0
Austria,Oberösterreich,,,2020-05-31,2296.0,2215.0,60.0
Austria,Oberösterreich,,,2020-06-01,2296.0,2215.0,60.0
Austria,Oberösterreich,,,2020-06-02,2297.0,2215.0,61.0
Austria,Oberösterreich,,,2020-06-03,2300.0,2221.0,61.0
Austria,Oberösterreich,,,2020-06-04,2301.0,2225.0,61.0
Austria,Oberösterreich,,,2020-06-05,2306.0,2226.0,61.0
Austria,Oberösterreich,,,2020-06-06,2311.0,2228.0,61.0
Austria,Oberösterreich,,,2020-06-07,2313.0,2229.0,61.0
Austria,Salzburg,,,2020-03-04,3.0,,
Austria,Salzburg,,,2020-03-05,4.0,,
Austria,Salzburg,,,2020-03-06,5.0,,
Austria,Salzburg,,,2020-03-07,5.0,,
Austria,Salzburg,,,2020-03-08,8.0,,
Austria,Salzburg,,,2020-03-09,9.0,,
Austria,Salzburg,,,2020-03-10,12.0,,
Austria,Salzburg,,,2020-03-11,14.0,,
Austria,Salzburg,,,2020-03-12,19.0,,
Austria,Salzburg,,,2020-03-13,20.0,0.0,0.0
Austria,Salzburg,,,2020-03-14,30.0,0.0,0.0
Austria,Salzburg,,,2020-03-15,39.0,0.0,0.0
Austria,Salzburg,,,2020-03-16,58.0,0.0,0.0
Austria,Salzburg,,,2020-03-17,66.0,0.0,0.0
Austria,Salzburg,,,2020-03-18,89.0,0.0,0.0
Austria,Salzburg,,,2020-03-19,127.0,0.0,0.0
Austria,Salzburg,,,2020-03-20,167.0,0.0,0.0
Austria,Salzburg,,,2020-03-21,185.0,0.0,0.0
Austria,Salzburg,,,2020-03-22,269.0,0.0,0.0
Austria,Salzburg,,,2020-03-23,372.0,0.0,0.0
Austria,Salzburg,,,2020-03-24,429.0,0.0,0.0
Austria,Salzburg,,,2020-03-25,516.0,0.0,0.0
Austria,Salzburg,,,2020-03-26,591.0,0.0,0.0
Austria,Salzburg,,,2020-03-27,728.0,,
Austria,Salzburg,,,2020-03-28,794.0,,
Austria,Salzburg,,,2020-03-29,850.0,,
Austria,Salzburg,,,2020-03-30,910.0,,
Austria,Salzburg,,,2020-03-31,949.0,,
Austria,Salzburg,,,2020-04-01,993.0,,
Austria,Salzburg,,,2020-04-02,1033.0,,
Austria,Salzburg,,,2020-04-03,1058.0,,
Austria,Salzburg,,,2020-04-04,1068.0,,
Austria,Salzburg,,,2020-04-05,1077.0,,
Austria,Salzburg,,,2020-04-06,1085.0,,
Austria,Salzburg,,,2020-04-07,1119.0,,
Austria,Salzburg,,,2020-04-08,1129.0,,
Austria,Salzburg,,,2020-04-09,1146.0,,
Austria,Salzburg,,,2020-04-10,1154.0,,
Austria,Salzburg,,,2020-04-11,1157.0,,
Austria,Salzburg,,,2020-04-12,1169.0,,
Austria,Salzburg,,,2020-04-13,1174.0,,
Austria,Salzburg,,,2020-04-14,406.0,,
Austria,Salzburg,,,2020-04-15,1178.0,778.0,26.0
Austria,Salzburg,,,2020-04-16,1186.0,790.0,27.0
Austria,Salzburg,,,2020-04-17,1190.0,875.0,28.0
Austria,Salzburg,,,2020-04-18,1191.0,875.0,29.0
Austria,Salzburg,,,2020-04-19,1199.0,929.0,29.0
Austria,Salzburg,,,2020-04-20,1201.0,930.0,30.0
Austria,Salzburg,,,2020-04-21,1206.0,949.0,30.0
Austria,Salzburg,,,2020-04-22,1205.0,951.0,33.0
Austria,Salzburg,,,2020-04-23,1206.0,1008.0,33.0
Austria,Salzburg,,,2020-04-24,1207.0,1008.0,33.0
Austria,Salzburg,,,2020-04-25,1210.0,1041.0,33.0
Austria,Salzburg,,,2020-04-26,1212.0,1057.0,33.0
Austria,Salzburg,,,2020-04-27,1214.0,1071.0,33.0
Austria,Salzburg,,,2020-04-28,1214.0,1078.0,34.0
Austria,Salzburg,,,2020-04-29,1215.0,1081.0,35.0
Austria,Salzburg,,,2020-04-30,1217.0,1090.0,35.0
Austria,Salzburg,,,2020-05-01,1217.0,1102.0,36.0
Austria,Salzburg,,,2020-05-02,1218.0,1115.0,36.0
Austria,Salzburg,,,2020-05-03,1219.0,1115.0,36.0
Austria,Salzburg,,,2020-05-04,1219.0,1116.0,36.0
Austria,Salzburg,,,2020-05-05,1214.0,1119.0,36.0
Austria,Salzburg,,,2020-05-06,1214.0,1132.0,36.0
Austria,Salzburg,,,2020-05-07,1213.0,1140.0,36.0
Austria,Salzburg,,,2020-05-08,1212.0,1142.0,36.0
Austria,Salzburg,,,2020-05-09,1212.0,1155.0,36.0
Austria,Salzburg,,,2020-05-10,1212.0,1162.0,36.0
Austria,Salzburg,,,2020-05-11,1217.0,1162.0,37.0
Austria,Salzburg,,,2020-05-12,1215.0,1165.0,37.0
Austria,Salzburg,,,2020-05-13,1217.0,1171.0,37.0
Austria,Salzburg,,,2020-05-14,1216.0,1175.0,37.0
Austria,Salzburg,,,2020-05-15,1217.0,1179.0,37.0
Austria,Salzburg,,,2020-05-16,1216.0,1179.0,37.0
Austria,Salzburg,,,2020-05-17,1216.0,1183.0,37.0
Austria,Salzburg,,,2020-05-18,1216.0,1183.0,37.0
Austria,Salzburg,,,2020-05-19,1219.0,1183.0,37.0
Austria,Salzburg,,,2020-05-20,1220.0,1183.0,38.0
Austria,Salzburg,,,2020-05-21,1220.0,1189.0,38.0
Austria,Salzburg,,,2020-05-22,1220.0,1191.0,38.0
Austria,Salzburg,,,2020-05-23,1220.0,1192.0,38.0
Austria,Salzburg,,,2020-05-24,1220.0,1192.0,38.0
Austria,Salzburg,,,2020-05-25,1221.0,1193.0,38.0
Austria,Salzburg,,,2020-05-26,1220.0,1193.0,38.0
Austria,Salzburg,,,2020-05-27,1219.0,1192.0,38.0
Austria,Salzburg,,,2020-05-28,1220.0,1192.0,38.0
Austria,Salzburg,,,2020-05-29,1220.0,1193.0,38.0
Austria,Salzburg,,,2020-05-30,1220.0,1196.0,38.0
Austria,Salzburg,,,2020-05-31,1220.0,1196.0,38.0
Austria,Salzburg,,,2020-06-01,1220.0,1197.0,38.0
Austria,Salzburg,,,2020-06-02,1220.0,1197.0,38.0
Austria,Salzburg,,,2020-06-03,1220.0,1197.0,38.0
Austria,Salzburg,,,2020-06-04,1220.0,1198.0,38.0
Austria,Salzburg,,,2020-06-05,1220.0,1199.0,38.0
Austria,Salzburg,,,2020-06-06,1220.0,1200.0,38.0
Austria,Salzburg,,,2020-06-07,1221.0,1200.0,38.0
Austria,Steiermark,,,2020-03-04,4.0,,
Austria,Steiermark,,,2020-03-05,4.0,,
Austria,Steiermark,,,2020-03-06,5.0,,
Austria,Steiermark,,,2020-03-07,6.0,,
Austria,Steiermark,,,2020-03-08,10.0,,
Austria,Steiermark,,,2020-03-09,16.0,,
Austria,Steiermark,,,2020-03-10,17.0,,
Austria,Steiermark,,,2020-03-11,25.0,,
Austria,Steiermark,,,2020-03-12,33.0,,
Austria,Steiermark,,,2020-03-13,52.0,0.0,0.0
Austria,Steiermark,,,2020-03-14,71.0,0.0,0.0
Austria,Steiermark,,,2020-03-15,111.0,0.0,0.0
Austria,Steiermark,,,2020-03-16,139.0,0.0,0.0
Austria,Steiermark,,,2020-03-17,171.0,0.0,0.0
Austria,Steiermark,,,2020-03-18,220.0,0.0,0.0
Austria,Steiermark,,,2020-03-19,282.0,0.0,0.0
Austria,Steiermark,,,2020-03-20,340.0,0.0,0.0
Austria,Steiermark,,,2020-03-21,388.0,0.0,0.0
Austria,Steiermark,,,2020-03-22,423.0,0.0,0.0
Austria,Steiermark,,,2020-03-23,486.0,0.0,0.0
Austria,Steiermark,,,2020-03-24,558.0,0.0,0.0
Austria,Steiermark,,,2020-03-25,627.0,0.0,0.0
Austria,Steiermark,,,2020-03-26,699.0,0.0,0.0
Austria,Steiermark,,,2020-03-27,812.0,,
Austria,Steiermark,,,2020-03-28,873.0,,
Austria,Steiermark,,,2020-03-29,929.0,,
Austria,Steiermark,,,2020-03-30,1022.0,,
Austria,Steiermark,,,2020-03-31,1085.0,,
Austria,Steiermark,,,2020-04-01,1135.0,,
Austria,Steiermark,,,2020-04-02,1169.0,,
Austria,Steiermark,,,2020-04-03,1234.0,,
Austria,Steiermark,,,2020-04-04,1285.0,,
Austria,Steiermark,,,2020-04-05,1312.0,,
Austria,Steiermark,,,2020-04-06,1354.0,,
Austria,Steiermark,,,2020-04-07,1399.0,,
Austria,Steiermark,,,2020-04-08,1435.0,,
Austria,Steiermark,,,2020-04-09,1470.0,,
Austria,Steiermark,,,2020-04-10,1499.0,,
Austria,Steiermark,,,2020-04-11,1525.0,,
Austria,Steiermark,,,2020-04-12,1553.0,,
Austria,Steiermark,,,2020-04-13,1578.0,,
Austria,Steiermark,,,2020-04-14,951.0,,
Austria,Steiermark,,,2020-04-15,1600.0,617.0,90.0
Austria,Steiermark,,,2020-04-16,1617.0,661.0,93.0
Austria,Steiermark,,,2020-04-17,1631.0,717.0,97.0
Austria,Steiermark,,,2020-04-18,1646.0,775.0,99.0
Austria,Steiermark,,,2020-04-19,1652.0,809.0,101.0
Austria,Steiermark,,,2020-04-20,1663.0,816.0,106.0
Austria,Steiermark,,,2020-04-21,1665.0,874.0,109.0
Austria,Steiermark,,,2020-04-22,1679.0,904.0,110.0
Austria,Steiermark,,,2020-04-23,1693.0,952.0,115.0
Austria,Steiermark,,,2020-04-24,1700.0,973.0,119.0
Austria,Steiermark,,,2020-04-25,1722.0,1011.0,120.0
Austria,Steiermark,,,2020-04-26,1733.0,1059.0,121.0
Austria,Steiermark,,,2020-04-27,1745.0,1068.0,121.0
Austria,Steiermark,,,2020-04-28,1751.0,1117.0,123.0
Austria,Steiermark,,,2020-04-29,1757.0,1155.0,126.0
Austria,Steiermark,,,2020-04-30,1761.0,1187.0,129.0
Austria,Steiermark,,,2020-05-01,1764.0,1220.0,130.0
Austria,Steiermark,,,2020-05-02,1765.0,1235.0,133.0
Austria,Steiermark,,,2020-05-03,1766.0,1246.0,133.0
Austria,Steiermark,,,2020-05-04,1774.0,1252.0,133.0
Austria,Steiermark,,,2020-05-05,1777.0,1300.0,134.0
Austria,Steiermark,,,2020-05-06,1784.0,1333.0,134.0
Austria,Steiermark,,,2020-05-07,1787.0,1350.0,134.0
Austria,Steiermark,,,2020-05-08,1792.0,1380.0,135.0
Austria,Steiermark,,,2020-05-09,1796.0,1395.0,135.0
Austria,Steiermark,,,2020-05-10,1810.0,1412.0,136.0
Austria,Steiermark,,,2020-05-11,1810.0,1423.0,136.0
Austria,Steiermark,,,2020-05-12,1813.0,1449.0,139.0
Austria,Steiermark,,,2020-05-13,1814.0,1482.0,139.0
Austria,Steiermark,,,2020-05-14,1814.0,1504.0,139.0
Austria,Steiermark,,,2020-05-15,1816.0,1510.0,140.0
Austria,Steiermark,,,2020-05-16,1822.0,1531.0,140.0
Austria,Steiermark,,,2020-05-17,1823.0,1543.0,140.0
Austria,Steiermark,,,2020-05-18,1823.0,1550.0,140.0
Austria,Steiermark,,,2020-05-19,1827.0,1563.0,142.0
Austria,Steiermark,,,2020-05-20,1831.0,1574.0,142.0
Austria,Steiermark,,,2020-05-21,1833.0,1589.0,142.0
Austria,Steiermark,,,2020-05-22,1833.0,1592.0,143.0
Austria,Steiermark,,,2020-05-23,1833.0,1599.0,144.0
Austria,Steiermark,,,2020-05-24,1834.0,1602.0,145.0
Austria,Steiermark,,,2020-05-25,1835.0,1605.0,145.0
Austria,Steiermark,,,2020-05-26,1836.0,1613.0,147.0
Austria,Steiermark,,,2020-05-27,1835.0,1626.0,147.0
Austria,Steiermark,,,2020-05-28,1835.0,1628.0,147.0
Austria,Steiermark,,,2020-05-29,1837.0,1638.0,147.0
Austria,Steiermark,,,2020-05-30,1836.0,1642.0,147.0
Austria,Steiermark,,,2020-05-31,1836.0,1645.0,147.0
Austria,Steiermark,,,2020-06-01,1837.0,1646.0,147.0
Austria,Steiermark,,,2020-06-02,1837.0,1647.0,147.0
Austria,Steiermark,,,2020-06-03,1840.0,1655.0,148.0
Austria,Steiermark,,,2020-06-04,1842.0,1661.0,148.0
Austria,Steiermark,,,2020-06-05,1845.0,1667.0,149.0
Austria,Steiermark,,,2020-06-06,1845.0,1669.0,149.0
Austria,Steiermark,,,2020-06-07,1845.0,1670.0,149.0
Austria,Tirol,,,2020-03-04,2.0,,
Austria,Tirol,,,2020-03-05,3.0,,
Austria,Tirol,,,2020-03-06,4.0,,
Austria,Tirol,,,2020-03-07,7.0,,
Austria,Tirol,,,2020-03-08,8.0,,
Austria,Tirol,,,2020-03-09,16.0,,
Austria,Tirol,,,2020-03-10,32.0,,
Austria,Tirol,,,2020-03-11,57.0,,
Austria,Tirol,,,2020-03-12,109.0,,
Austria,Tirol,,,2020-03-13,167.0,2.0,0.0
Austria,Tirol,,,2020-03-14,206.0,2.0,0.0
Austria,Tirol,,,2020-03-15,254.0,2.0,0.0
Austria,Tirol,,,2020-03-16,254.0,2.0,0.0
Austria,Tirol,,,2020-03-17,328.0,2.0,0.0
Austria,Tirol,,,2020-03-18,382.0,2.0,0.0
Austria,Tirol,,,2020-03-19,464.0,2.0,0.0
Austria,Tirol,,,2020-03-20,508.0,2.0,0.0
Austria,Tirol,,,2020-03-21,575.0,2.0,0.0
Austria,Tirol,,,2020-03-22,644.0,2.0,0.0
Austria,Tirol,,,2020-03-23,803.0,0.0,0.0
Austria,Tirol,,,2020-03-27,1801.0,,
Austria,Tirol,,,2020-03-28,1934.0,,
Austria,Tirol,,,2020-03-29,2147.0,,
Austria,Tirol,,,2020-03-30,2261.0,,
Austria,Tirol,,,2020-03-31,2401.0,,
Austria,Tirol,,,2020-04-01,2511.0,,
Austria,Tirol,,,2020-04-02,2575.0,,
Austria,Tirol,,,2020-04-03,2645.0,,
Austria,Tirol,,,2020-04-04,2693.0,,
Austria,Tirol,,,2020-04-05,2756.0,,
Austria,Tirol,,,2020-04-06,2804.0,,
Austria,Tirol,,,2020-04-07,2870.0,,
Austria,Tirol,,,2020-04-08,2946.0,,
Austria,Tirol,,,2020-04-09,3086.0,,
Austria,Tirol,,,2020-04-10,3225.0,,
Austria,Tirol,,,2020-04-11,3269.0,,
Austria,Tirol,,,2020-04-12,3283.0,,
Austria,Tirol,,,2020-04-13,3317.0,,
Austria,Tirol,,,2020-04-14,1211.0,,
Austria,Tirol,,,2020-04-15,3352.0,2134.0,72.0
Austria,Tirol,,,2020-04-16,3392.0,2244.0,80.0
Austria,Tirol,,,2020-04-17,3406.0,2374.0,83.0
Austria,Tirol,,,2020-04-18,3415.0,2486.0,85.0
Austria,Tirol,,,2020-04-19,3417.0,2526.0,85.0
Austria,Tirol,,,2020-04-20,3427.0,2556.0,86.0
Austria,Tirol,,,2020-04-21,3433.0,2698.0,91.0
Austria,Tirol,,,2020-04-22,3440.0,2869.0,95.0
Austria,Tirol,,,2020-04-23,3445.0,2905.0,98.0
Austria,Tirol,,,2020-04-24,3457.0,2943.0,101.0
Austria,Tirol,,,2020-04-25,3469.0,2982.0,101.0
Austria,Tirol,,,2020-04-26,3479.0,2997.0,101.0
Austria,Tirol,,,2020-04-27,3484.0,3024.0,101.0
Austria,Tirol,,,2020-04-28,3494.0,3070.0,103.0
Austria,Tirol,,,2020-04-29,3496.0,3151.0,105.0
Austria,Tirol,,,2020-04-30,3502.0,3160.0,105.0
Austria,Tirol,,,2020-05-01,3504.0,3197.0,105.0
Austria,Tirol,,,2020-05-02,3504.0,3207.0,105.0
Austria,Tirol,,,2020-05-03,3504.0,3215.0,105.0
Austria,Tirol,,,2020-05-04,3509.0,3217.0,105.0
Austria,Tirol,,,2020-05-05,3509.0,3244.0,105.0
Austria,Tirol,,,2020-05-06,3512.0,3271.0,106.0
Austria,Tirol,,,2020-05-07,3515.0,3275.0,106.0
Austria,Tirol,,,2020-05-08,3517.0,3284.0,107.0
Austria,Tirol,,,2020-05-09,3518.0,3310.0,107.0
Austria,Tirol,,,2020-05-10,3518.0,3317.0,107.0
Austria,Tirol,,,2020-05-11,3518.0,3317.0,107.0
Austria,Tirol,,,2020-05-12,3518.0,3329.0,107.0
Austria,Tirol,,,2020-05-13,3520.0,3349.0,107.0
Austria,Tirol,,,2020-05-14,3524.0,3360.0,107.0
Austria,Tirol,,,2020-05-15,3528.0,3370.0,107.0
Austria,Tirol,,,2020-05-16,3528.0,3373.0,107.0
Austria,Tirol,,,2020-05-17,3528.0,3382.0,107.0
Austria,Tirol,,,2020-05-18,3530.0,3383.0,107.0
Austria,Tirol,,,2020-05-19,3532.0,3385.0,107.0
Austria,Tirol,,,2020-05-20,3532.0,3393.0,107.0
Austria,Tirol,,,2020-05-21,3534.0,3395.0,107.0
Austria,Tirol,,,2020-05-22,3534.0,3396.0,107.0
Austria,Tirol,,,2020-05-23,3536.0,3396.0,108.0
Austria,Tirol,,,2020-05-24,3536.0,3398.0,108.0
Austria,Tirol,,,2020-05-25,3535.0,3399.0,108.0
Austria,Tirol,,,2020-05-26,3534.0,3404.0,108.0
Austria,Tirol,,,2020-05-27,3536.0,3405.0,108.0
Austria,Tirol,,,2020-05-28,3536.0,3412.0,108.0
Austria,Tirol,,,2020-05-29,3537.0,3416.0,108.0
Austria,Tirol,,,2020-05-30,3537.0,3419.0,108.0
Austria,Tirol,,,2020-05-31,3537.0,3420.0,108.0
Austria,Tirol,,,2020-06-01,3537.0,3420.0,108.0
Austria,Tirol,,,2020-06-02,3535.0,3421.0,108.0
Austria,Tirol,,,2020-06-03,3536.0,3425.0,108.0
Austria,Tirol,,,2020-06-04,3538.0,3426.0,108.0
Austria,Tirol,,,2020-06-05,3539.0,3430.0,108.0
Austria,Tirol,,,2020-06-06,3540.0,3432.0,108.0
Austria,Tirol,,,2020-06-07,3540.0,3433.0,108.0
Austria,Vorarlberg,,,2020-03-06,1.0,,
Austria,Vorarlberg,,,2020-03-07,1.0,,
Austria,Vorarlberg,,,2020-03-08,1.0,,
Austria,Vorarlberg,,,2020-03-09,3.0,,
Austria,Vorarlberg,,,2020-03-10,11.0,,
Austria,Vorarlberg,,,2020-03-11,13.0,,
Austria,Vorarlberg,,,2020-03-12,16.0,,
Austria,Vorarlberg,,,2020-03-13,22.0,0.0,0.0
Austria,Vorarlberg,,,2020-03-14,34.0,0.0,0.0
Austria,Vorarlberg,,,2020-03-15,48.0,0.0,0.0
Austria,Vorarlberg,,,2020-03-16,55.0,0.0,0.0
Austria,Vorarlberg,,,2020-03-17,99.0,0.0,0.0
Austria,Vorarlberg,,,2020-03-18,124.0,0.0,0.0
Austria,Vorarlberg,,,2020-03-19,151.0,0.0,0.0
Austria,Vorarlberg,,,2020-03-20,197.0,0.0,0.0
Austria,Vorarlberg,,,2020-03-21,228.0,0.0,0.0
Austria,Vorarlberg,,,2020-03-22,263.0,0.0,0.0
Austria,Vorarlberg,,,2020-03-23,323.0,0.0,0.0
Austria,Vorarlberg,,,2020-03-24,379.0,0.0,0.0
Austria,Vorarlberg,,,2020-03-25,407.0,0.0,0.0
Austria,Vorarlberg,,,2020-03-26,435.0,0.0,0.0
Austria,Vorarlberg,,,2020-03-27,535.0,,
Austria,Vorarlberg,,,2020-03-28,577.0,,
Austria,Vorarlberg,,,2020-03-29,610.0,,
Austria,Vorarlberg,,,2020-03-30,632.0,,
Austria,Vorarlberg,,,2020-03-31,666.0,,
Austria,Vorarlberg,,,2020-04-01,680.0,,
Austria,Vorarlberg,,,2020-04-02,697.0,,
Austria,Vorarlberg,,,2020-04-03,718.0,,
Austria,Vorarlberg,,,2020-04-04,722.0,,
Austria,Vorarlberg,,,2020-04-05,746.0,,
Austria,Vorarlberg,,,2020-04-06,764.0,,
Austria,Vorarlberg,,,2020-04-07,791.0,,
Austria,Vorarlberg,,,2020-04-08,797.0,,
Austria,Vorarlberg,,,2020-04-09,805.0,,
Austria,Vorarlberg,,,2020-04-10,820.0,,
Austria,Vorarlberg,,,2020-04-11,826.0,,
Austria,Vorarlberg,,,2020-04-12,831.0,,
Austria,Vorarlberg,,,2020-04-13,832.0,,
Austria,Vorarlberg,,,2020-04-14,213.0,,
Austria,Vorarlberg,,,2020-04-15,847.0,646.0,7.0
Austria,Vorarlberg,,,2020-04-16,852.0,654.0,7.0
Austria,Vorarlberg,,,2020-04-17,854.0,665.0,8.0
Austria,Vorarlberg,,,2020-04-18,855.0,668.0,9.0
Austria,Vorarlberg,,,2020-04-19,858.0,715.0,9.0
Austria,Vorarlberg,,,2020-04-20,859.0,731.0,10.0
Austria,Vorarlberg,,,2020-04-21,863.0,733.0,13.0
Austria,Vorarlberg,,,2020-04-22,868.0,740.0,13.0
Austria,Vorarlberg,,,2020-04-23,869.0,745.0,14.0
Austria,Vorarlberg,,,2020-04-24,868.0,749.0,14.0
Austria,Vorarlberg,,,2020-04-25,868.0,755.0,14.0
Austria,Vorarlberg,,,2020-04-26,868.0,757.0,14.0
Austria,Vorarlberg,,,2020-04-27,868.0,759.0,15.0
Austria,Vorarlberg,,,2020-04-28,869.0,779.0,15.0
Austria,Vorarlberg,,,2020-04-29,870.0,786.0,15.0
Austria,Vorarlberg,,,2020-04-30,871.0,795.0,16.0
Austria,Vorarlberg,,,2020-05-01,872.0,811.0,17.0
Austria,Vorarlberg,,,2020-05-02,872.0,819.0,17.0
Austria,Vorarlberg,,,2020-05-03,873.0,824.0,17.0
Austria,Vorarlberg,,,2020-05-04,874.0,824.0,17.0
Austria,Vorarlberg,,,2020-05-05,874.0,828.0,18.0
Austria,Vorarlberg,,,2020-05-06,875.0,826.0,19.0
Austria,Vorarlberg,,,2020-05-07,875.0,833.0,19.0
Austria,Vorarlberg,,,2020-05-08,874.0,835.0,19.0
Austria,Vorarlberg,,,2020-05-09,876.0,838.0,19.0
Austria,Vorarlberg,,,2020-05-10,876.0,839.0,19.0
Austria,Vorarlberg,,,2020-05-11,876.0,839.0,19.0
Austria,Vorarlberg,,,2020-05-12,879.0,843.0,19.0
Austria,Vorarlberg,,,2020-05-13,882.0,847.0,19.0
Austria,Vorarlberg,,,2020-05-14,883.0,856.0,19.0
Austria,Vorarlberg,,,2020-05-15,883.0,856.0,19.0
Austria,Vorarlberg,,,2020-05-16,885.0,856.0,19.0
Austria,Vorarlberg,,,2020-05-17,887.0,856.0,19.0
Austria,Vorarlberg,,,2020-05-18,887.0,856.0,19.0
Austria,Vorarlberg,,,2020-05-19,893.0,859.0,19.0
Austria,Vorarlberg,,,2020-05-20,894.0,861.0,19.0
Austria,Vorarlberg,,,2020-05-21,895.0,862.0,19.0
Austria,Vorarlberg,,,2020-05-22,896.0,862.0,19.0
Austria,Vorarlberg,,,2020-05-23,896.0,862.0,19.0
Austria,Vorarlberg,,,2020-05-24,896.0,864.0,19.0
Austria,Vorarlberg,,,2020-05-25,897.0,864.0,19.0
Austria,Vorarlberg,,,2020-05-26,898.0,863.0,19.0
Austria,Vorarlberg,,,2020-05-27,898.0,863.0,19.0
Austria,Vorarlberg,,,2020-05-28,898.0,866.0,19.0
Austria,Vorarlberg,,,2020-05-29,898.0,866.0,19.0
Austria,Vorarlberg,,,2020-05-30,898.0,866.0,19.0
Austria,Vorarlberg,,,2020-05-31,898.0,866.0,19.0
Austria,Vorarlberg,,,2020-06-01,898.0,866.0,19.0
Austria,Vorarlberg,,,2020-06-02,899.0,867.0,19.0
Austria,Vorarlberg,,,2020-06-03,901.0,867.0,19.0
Austria,Vorarlberg,,,2020-06-04,901.0,869.0,19.0
Austria,Vorarlberg,,,2020-06-05,904.0,867.0,19.0
Austria,Vorarlberg,,,2020-06-06,904.0,876.0,19.0
Austria,Vorarlberg,,,2020-06-07,905.0,876.0,19.0
Austria,Wien,,,2020-03-04,15.0,,
Austria,Wien,,,2020-03-05,16.0,,
Austria,Wien,,,2020-03-06,23.0,,
Austria,Wien,,,2020-03-07,28.0,,
Austria,Wien,,,2020-03-08,32.0,,
Austria,Wien,,,2020-03-09,35.0,,
Austria,Wien,,,2020-03-10,43.0,,
Austria,Wien,,,2020-03-11,50.0,,
Austria,Wien,,,2020-03-12,66.0,,
Austria,Wien,,,2020-03-13,82.0,3.0,1.0
Austria,Wien,,,2020-03-14,101.0,3.0,1.0
Austria,Wien,,,2020-03-15,122.0,3.0,1.0
Austria,Wien,,,2020-03-16,128.0,3.0,0.0
Austria,Wien,,,2020-03-17,166.0,5.0,0.0
Austria,Wien,,,2020-03-18,209.0,5.0,0.0
Austria,Wien,,,2020-03-19,234.0,5.0,0.0
Austria,Wien,,,2020-03-20,296.0,5.0,0.0
Austria,Wien,,,2020-03-21,359.0,5.0,0.0
Austria,Wien,,,2020-03-22,403.0,5.0,0.0
Austria,Wien,,,2020-03-23,476.0,0.0,0.0
Austria,Wien,,,2020-03-24,617.0,0.0,0.0
Austria,Wien,,,2020-03-25,702.0,0.0,0.0
Austria,Wien,,,2020-03-26,825.0,0.0,0.0
Austria,Wien,,,2020-03-27,1029.0,,
Austria,Wien,,,2020-03-28,1090.0,,
Austria,Wien,,,2020-03-29,1151.0,,
Austria,Wien,,,2020-03-30,1340.0,,
Austria,Wien,,,2020-03-31,1458.0,,
Austria,Wien,,,2020-04-01,1553.0,,
Austria,Wien,,,2020-04-02,1621.0,,
Austria,Wien,,,2020-04-03,1679.0,,
Austria,Wien,,,2020-04-04,1689.0,,
Austria,Wien,,,2020-04-05,1712.0,,
Austria,Wien,,,2020-04-06,1777.0,,
Austria,Wien,,,2020-04-07,1827.0,,
Austria,Wien,,,2020-04-08,1882.0,,
Austria,Wien,,,2020-04-09,1924.0,,
Austria,Wien,,,2020-04-10,1975.0,,
Austria,Wien,,,2020-04-11,1997.0,,
Austria,Wien,,,2020-04-12,2011.0,,
Austria,Wien,,,2020-04-13,2032.0,,
Austria,Wien,,,2020-04-14,1427.0,,
Austria,Wien,,,2020-04-15,2101.0,572.0,81.0
Austria,Wien,,,2020-04-16,2119.0,1074.0,82.0
Austria,Wien,,,2020-04-17,2145.0,1381.0,86.0
Austria,Wien,,,2020-04-18,2170.0,1552.0,88.0
Austria,Wien,,,2020-04-19,2198.0,1615.0,90.0
Austria,Wien,,,2020-04-20,2204.0,1635.0,96.0
Austria,Wien,,,2020-04-21,2220.0,1656.0,99.0
Austria,Wien,,,2020-04-22,2247.0,1677.0,104.0
Austria,Wien,,,2020-04-23,2281.0,1699.0,105.0
Austria,Wien,,,2020-04-24,2311.0,1716.0,106.0
Austria,Wien,,,2020-04-25,2336.0,1748.0,107.0
Austria,Wien,,,2020-04-26,2357.0,1766.0,110.0
Austria,Wien,,,2020-04-27,2380.0,1772.0,113.0
Austria,Wien,,,2020-04-28,2399.0,1781.0,127.0
Austria,Wien,,,2020-04-29,2439.0,1790.0,130.0
Austria,Wien,,,2020-04-30,2465.0,1808.0,130.0
Austria,Wien,,,2020-05-01,2497.0,1817.0,131.0
Austria,Wien,,,2020-05-02,2526.0,1827.0,135.0
Austria,Wien,,,2020-05-03,2538.0,1827.0,135.0
Austria,Wien,,,2020-05-04,2541.0,1884.0,136.0
Austria,Wien,,,2020-05-05,2557.0,1902.0,137.0
Austria,Wien,,,2020-05-06,2587.0,1928.0,137.0
Austria,Wien,,,2020-05-07,2605.0,1937.0,138.0
Austria,Wien,,,2020-05-08,2631.0,1992.0,141.0
Austria,Wien,,,2020-05-09,2661.0,1999.0,141.0
Austria,Wien,,,2020-05-10,2672.0,2014.0,143.0
Austria,Wien,,,2020-05-11,2712.0,2061.0,144.0
Austria,Wien,,,2020-05-12,2748.0,2081.0,144.0
Austria,Wien,,,2020-05-13,2807.0,2126.0,144.0
Austria,Wien,,,2020-05-14,2829.0,2157.0,144.0
Austria,Wien,,,2020-05-15,2865.0,2176.0,144.0
Austria,Wien,,,2020-05-16,2894.0,2188.0,144.0
Austria,Wien,,,2020-05-17,2905.0,2199.0,144.0
Austria,Wien,,,2020-05-18,2923.0,2237.0,144.0
Austria,Wien,,,2020-05-19,2964.0,2252.0,144.0
Austria,Wien,,,2020-05-20,2988.0,2405.0,144.0
Austria,Wien,,,2020-05-21,3014.0,2447.0,144.0
Austria,Wien,,,2020-05-22,3032.0,2480.0,144.0
Austria,Wien,,,2020-05-23,3061.0,2488.0,146.0
Austria,Wien,,,2020-05-24,3078.0,2495.0,146.0
Austria,Wien,,,2020-05-25,3084.0,2553.0,147.0
Austria,Wien,,,2020-05-26,3113.0,2564.0,147.0
Austria,Wien,,,2020-05-27,3120.0,2581.0,149.0
Austria,Wien,,,2020-05-28,3147.0,2607.0,172.0
Austria,Wien,,,2020-05-29,3170.0,2645.0,172.0
Austria,Wien,,,2020-05-30,3219.0,2793.0,172.0
Austria,Wien,,,2020-05-31,3229.0,2855.0,172.0
Austria,Wien,,,2020-06-01,3233.0,2855.0,172.0
Austria,Wien,,,2020-06-02,3253.0,2879.0,172.0
Austria,Wien,,,2020-06-03,3277.0,2894.0,172.0
Austria,Wien,,,2020-06-04,3301.0,2917.0,172.0
Austria,Wien,,,2020-06-05,3309.0,2927.0,173.0
Austria,Wien,,,2020-06-06,3359.0,2951.0,173.0
Austria,Wien,,,2020-06-07,3389.0,2951.0,173.0
