adm0,adm1,adm2,adm3,date,confirmedCount,deadCount
Sweden,Blekinge,,,2020-03-16,9.0,0.0
Sweden,Blekinge,,,2020-03-17,11.0,0.0
Sweden,Blekinge,,,2020-03-18,11.0,0.0
Sweden,Blekinge,,,2020-03-19,11.0,0.0
Sweden,Blekinge,,,2020-03-20,12.0,0.0
Sweden,Blekinge,,,2020-03-21,12.0,0.0
Sweden,Blekinge,,,2020-03-22,12.0,0.0
Sweden,Blekinge,,,2020-03-23,12.0,0.0
Sweden,Blekinge,,,2020-03-24,12.0,0.0
Sweden,Blekinge,,,2020-03-25,12.0,0.0
Sweden,Blekinge,,,2020-03-26,15.0,0.0
Sweden,Blekinge,,,2020-03-27,15.0,0.0
Sweden,Blekinge,,,2020-03-28,15.0,0.0
Sweden,Blekinge,,,2020-03-29,17.0,0.0
Sweden,Blekinge,,,2020-03-30,20.0,0.0
Sweden,Blekinge,,,2020-03-31,21.0,0.0
Sweden,Blekinge,,,2020-04-01,22.0,1.0
Sweden,Blekinge,,,2020-04-02,27.0,1.0
Sweden,Blekinge,,,2020-04-03,27.0,1.0
Sweden,Blekinge,,,2020-04-04,30.0,1.0
Sweden,Blekinge,,,2020-04-05,31.0,1.0
Sweden,Blekinge,,,2020-04-06,36.0,1.0
Sweden,Blekinge,,,2020-04-07,37.0,1.0
Sweden,Blekinge,,,2020-04-08,37.0,1.0
Sweden,Blekinge,,,2020-04-09,39.0,1.0
Sweden,Blekinge,,,2020-04-10,39.0,1.0
Sweden,Blekinge,,,2020-04-11,41.0,1.0
Sweden,Blekinge,,,2020-04-12,41.0,1.0
Sweden,Blekinge,,,2020-04-13,41.0,1.0
Sweden,Blekinge,,,2020-04-14,42.0,2.0
Sweden,Blekinge,,,2020-04-15,43.0,2.0
Sweden,Blekinge,,,2020-04-16,43.0,2.0
Sweden,Blekinge,,,2020-04-17,43.0,2.0
Sweden,Blekinge,,,2020-04-18,43.0,2.0
Sweden,Blekinge,,,2020-04-19,43.0,2.0
Sweden,Blekinge,,,2020-04-20,43.0,2.0
Sweden,Blekinge,,,2020-04-21,44.0,2.0
Sweden,Blekinge,,,2020-04-22,47.0,2.0
Sweden,Blekinge,,,2020-04-23,54.0,2.0
Sweden,Blekinge,,,2020-04-24,56.0,2.0
Sweden,Blekinge,,,2020-04-25,63.0,2.0
Sweden,Blekinge,,,2020-04-26,63.0,2.0
Sweden,Blekinge,,,2020-04-27,64.0,2.0
Sweden,Blekinge,,,2020-04-28,64.0,2.0
Sweden,Blekinge,,,2020-04-29,67.0,2.0
Sweden,Blekinge,,,2020-04-30,73.0,2.0
Sweden,Blekinge,,,2020-05-01,73.0,2.0
Sweden,Blekinge,,,2020-05-02,73.0,2.0
Sweden,Blekinge,,,2020-05-03,74.0,2.0
Sweden,Blekinge,,,2020-05-04,74.0,2.0
Sweden,Blekinge,,,2020-05-05,74.0,2.0
Sweden,Blekinge,,,2020-05-06,77.0,2.0
Sweden,Blekinge,,,2020-05-07,78.0,2.0
Sweden,Blekinge,,,2020-05-08,80.0,2.0
Sweden,Blekinge,,,2020-05-09,82.0,2.0
Sweden,Blekinge,,,2020-05-10,85.0,2.0
Sweden,Blekinge,,,2020-05-11,85.0,2.0
Sweden,Blekinge,,,2020-05-12,85.0,2.0
Sweden,Blekinge,,,2020-05-13,89.0,2.0
Sweden,Blekinge,,,2020-05-14,92.0,3.0
Sweden,Blekinge,,,2020-05-15,94.0,3.0
Sweden,Blekinge,,,2020-05-16,100.0,3.0
Sweden,Blekinge,,,2020-05-17,102.0,3.0
Sweden,Blekinge,,,2020-05-18,103.0,3.0
Sweden,Blekinge,,,2020-05-19,103.0,4.0
Sweden,Blekinge,,,2020-05-20,109.0,4.0
Sweden,Blekinge,,,2020-05-21,132.0,4.0
Sweden,Blekinge,,,2020-05-22,133.0,4.0
Sweden,Blekinge,,,2020-05-23,142.0,4.0
Sweden,Blekinge,,,2020-05-24,144.0,4.0
Sweden,Blekinge,,,2020-05-25,147.0,4.0
Sweden,Blekinge,,,2020-05-26,150.0,4.0
Sweden,Blekinge,,,2020-05-27,165.0,4.0
Sweden,Blekinge,,,2020-05-28,181.0,4.0
Sweden,Blekinge,,,2020-05-29,192.0,4.0
Sweden,Blekinge,,,2020-05-30,202.0,4.0
Sweden,Blekinge,,,2020-05-31,208.0,4.0
Sweden,Blekinge,,,2020-06-01,211.0,4.0
Sweden,Blekinge,,,2020-06-02,218.0,5.0
Sweden,Blekinge,,,2020-06-03,236.0,5.0
Sweden,Blekinge,,,2020-06-04,254.0,5.0
Sweden,Blekinge,,,2020-06-05,264.0,5.0
Sweden,Blekinge,,,2020-06-06,274.0,5.0
Sweden,Blekinge,,,2020-06-07,279.0,5.0
Sweden,Dalarna,,,2020-03-16,4.0,0.0
Sweden,Dalarna,,,2020-03-17,4.0,0.0
Sweden,Dalarna,,,2020-03-18,8.0,0.0
Sweden,Dalarna,,,2020-03-19,8.0,0.0
Sweden,Dalarna,,,2020-03-20,11.0,0.0
Sweden,Dalarna,,,2020-03-21,16.0,0.0
Sweden,Dalarna,,,2020-03-22,16.0,0.0
Sweden,Dalarna,,,2020-03-23,17.0,0.0
Sweden,Dalarna,,,2020-03-24,30.0,0.0
Sweden,Dalarna,,,2020-03-25,40.0,0.0
Sweden,Dalarna,,,2020-03-26,52.0,0.0
Sweden,Dalarna,,,2020-03-27,61.0,2.0
Sweden,Dalarna,,,2020-03-28,76.0,4.0
Sweden,Dalarna,,,2020-03-29,82.0,4.0
Sweden,Dalarna,,,2020-03-30,82.0,7.0
Sweden,Dalarna,,,2020-03-31,97.0,9.0
Sweden,Dalarna,,,2020-04-01,118.0,9.0
Sweden,Dalarna,,,2020-04-02,134.0,13.0
Sweden,Dalarna,,,2020-04-03,147.0,14.0
Sweden,Dalarna,,,2020-04-04,163.0,16.0
Sweden,Dalarna,,,2020-04-05,177.0,16.0
Sweden,Dalarna,,,2020-04-06,186.0,21.0
Sweden,Dalarna,,,2020-04-07,215.0,22.0
Sweden,Dalarna,,,2020-04-08,237.0,27.0
Sweden,Dalarna,,,2020-04-09,266.0,33.0
Sweden,Dalarna,,,2020-04-10,296.0,35.0
Sweden,Dalarna,,,2020-04-11,313.0,36.0
Sweden,Dalarna,,,2020-04-12,316.0,37.0
Sweden,Dalarna,,,2020-04-13,345.0,37.0
Sweden,Dalarna,,,2020-04-14,365.0,43.0
Sweden,Dalarna,,,2020-04-15,378.0,47.0
Sweden,Dalarna,,,2020-04-16,406.0,48.0
Sweden,Dalarna,,,2020-04-17,429.0,63.0
Sweden,Dalarna,,,2020-04-18,448.0,63.0
Sweden,Dalarna,,,2020-04-19,483.0,63.0
Sweden,Dalarna,,,2020-04-20,491.0,63.0
Sweden,Dalarna,,,2020-04-21,501.0,65.0
Sweden,Dalarna,,,2020-04-22,536.0,72.0
Sweden,Dalarna,,,2020-04-23,569.0,73.0
Sweden,Dalarna,,,2020-04-24,612.0,79.0
Sweden,Dalarna,,,2020-04-25,640.0,79.0
Sweden,Dalarna,,,2020-04-26,685.0,79.0
Sweden,Dalarna,,,2020-04-27,689.0,82.0
Sweden,Dalarna,,,2020-04-28,697.0,83.0
Sweden,Dalarna,,,2020-04-29,732.0,90.0
Sweden,Dalarna,,,2020-04-30,784.0,90.0
Sweden,Dalarna,,,2020-05-01,798.0,100.0
Sweden,Dalarna,,,2020-05-02,800.0,101.0
Sweden,Dalarna,,,2020-05-03,803.0,101.0
Sweden,Dalarna,,,2020-05-04,856.0,101.0
Sweden,Dalarna,,,2020-05-05,868.0,101.0
Sweden,Dalarna,,,2020-05-06,895.0,101.0
Sweden,Dalarna,,,2020-05-07,918.0,107.0
Sweden,Dalarna,,,2020-05-08,934.0,107.0
Sweden,Dalarna,,,2020-05-09,952.0,111.0
Sweden,Dalarna,,,2020-05-10,953.0,111.0
Sweden,Dalarna,,,2020-05-11,967.0,112.0
Sweden,Dalarna,,,2020-05-12,970.0,112.0
Sweden,Dalarna,,,2020-05-13,988.0,123.0
Sweden,Dalarna,,,2020-05-14,1010.0,123.0
Sweden,Dalarna,,,2020-05-15,1025.0,128.0
Sweden,Dalarna,,,2020-05-16,1035.0,128.0
Sweden,Dalarna,,,2020-05-17,1039.0,128.0
Sweden,Dalarna,,,2020-05-18,1053.0,128.0
Sweden,Dalarna,,,2020-05-19,1063.0,128.0
Sweden,Dalarna,,,2020-05-20,1081.0,128.0
Sweden,Dalarna,,,2020-05-21,1095.0,128.0
Sweden,Dalarna,,,2020-05-22,1113.0,128.0
Sweden,Dalarna,,,2020-05-23,1114.0,129.0
Sweden,Dalarna,,,2020-05-24,1124.0,129.0
Sweden,Dalarna,,,2020-05-25,1131.0,129.0
Sweden,Dalarna,,,2020-05-26,1140.0,137.0
Sweden,Dalarna,,,2020-05-27,1158.0,137.0
Sweden,Dalarna,,,2020-05-28,1174.0,143.0
Sweden,Dalarna,,,2020-05-29,1190.0,143.0
Sweden,Dalarna,,,2020-05-30,1200.0,143.0
Sweden,Dalarna,,,2020-05-31,1215.0,143.0
Sweden,Dalarna,,,2020-06-01,1217.0,143.0
Sweden,Dalarna,,,2020-06-02,1227.0,143.0
Sweden,Dalarna,,,2020-06-03,1250.0,147.0
Sweden,Dalarna,,,2020-06-04,1264.0,147.0
Sweden,Dalarna,,,2020-06-05,1277.0,147.0
Sweden,Dalarna,,,2020-06-06,1297.0,147.0
Sweden,Dalarna,,,2020-06-07,1314.0,147.0
Sweden,Gotland,,,2020-03-16,2.0,0.0
Sweden,Gotland,,,2020-03-17,2.0,0.0
Sweden,Gotland,,,2020-03-18,3.0,0.0
Sweden,Gotland,,,2020-03-19,3.0,0.0
Sweden,Gotland,,,2020-03-20,5.0,0.0
Sweden,Gotland,,,2020-03-21,5.0,0.0
Sweden,Gotland,,,2020-03-22,5.0,0.0
Sweden,Gotland,,,2020-03-23,5.0,0.0
Sweden,Gotland,,,2020-03-24,5.0,0.0
Sweden,Gotland,,,2020-03-25,5.0,0.0
Sweden,Gotland,,,2020-03-26,5.0,0.0
Sweden,Gotland,,,2020-03-27,9.0,0.0
Sweden,Gotland,,,2020-03-28,11.0,0.0
Sweden,Gotland,,,2020-03-29,11.0,0.0
Sweden,Gotland,,,2020-03-30,11.0,0.0
Sweden,Gotland,,,2020-03-31,11.0,0.0
Sweden,Gotland,,,2020-04-01,11.0,0.0
Sweden,Gotland,,,2020-04-02,12.0,0.0
Sweden,Gotland,,,2020-04-03,12.0,0.0
Sweden,Gotland,,,2020-04-04,12.0,0.0
Sweden,Gotland,,,2020-04-05,12.0,0.0
Sweden,Gotland,,,2020-04-06,12.0,0.0
Sweden,Gotland,,,2020-04-07,13.0,0.0
Sweden,Gotland,,,2020-04-08,14.0,0.0
Sweden,Gotland,,,2020-04-09,14.0,0.0
Sweden,Gotland,,,2020-04-10,16.0,0.0
Sweden,Gotland,,,2020-04-11,16.0,0.0
Sweden,Gotland,,,2020-04-12,16.0,0.0
Sweden,Gotland,,,2020-04-13,16.0,0.0
Sweden,Gotland,,,2020-04-14,16.0,0.0
Sweden,Gotland,,,2020-04-15,16.0,0.0
Sweden,Gotland,,,2020-04-16,17.0,0.0
Sweden,Gotland,,,2020-04-17,19.0,1.0
Sweden,Gotland,,,2020-04-18,19.0,1.0
Sweden,Gotland,,,2020-04-19,19.0,1.0
Sweden,Gotland,,,2020-04-20,19.0,1.0
Sweden,Gotland,,,2020-04-21,20.0,1.0
Sweden,Gotland,,,2020-04-22,19.0,1.0
Sweden,Gotland,,,2020-04-23,19.0,1.0
Sweden,Gotland,,,2020-04-24,22.0,1.0
Sweden,Gotland,,,2020-04-25,25.0,1.0
Sweden,Gotland,,,2020-04-26,26.0,1.0
Sweden,Gotland,,,2020-04-27,28.0,1.0
Sweden,Gotland,,,2020-04-28,35.0,1.0
Sweden,Gotland,,,2020-04-29,39.0,1.0
Sweden,Gotland,,,2020-04-30,46.0,1.0
Sweden,Gotland,,,2020-05-01,46.0,3.0
Sweden,Gotland,,,2020-05-02,49.0,3.0
Sweden,Gotland,,,2020-05-03,52.0,3.0
Sweden,Gotland,,,2020-05-04,54.0,3.0
Sweden,Gotland,,,2020-05-05,53.0,3.0
Sweden,Gotland,,,2020-05-06,59.0,3.0
Sweden,Gotland,,,2020-05-07,60.0,3.0
Sweden,Gotland,,,2020-05-08,62.0,3.0
Sweden,Gotland,,,2020-05-09,63.0,3.0
Sweden,Gotland,,,2020-05-10,64.0,3.0
Sweden,Gotland,,,2020-05-11,64.0,3.0
Sweden,Gotland,,,2020-05-12,64.0,3.0
Sweden,Gotland,,,2020-05-13,66.0,3.0
Sweden,Gotland,,,2020-05-14,66.0,3.0
Sweden,Gotland,,,2020-05-15,66.0,3.0
Sweden,Gotland,,,2020-05-16,66.0,3.0
Sweden,Gotland,,,2020-05-17,67.0,3.0
Sweden,Gotland,,,2020-05-18,67.0,3.0
Sweden,Gotland,,,2020-05-19,67.0,3.0
Sweden,Gotland,,,2020-05-20,67.0,3.0
Sweden,Gotland,,,2020-05-21,68.0,5.0
Sweden,Gotland,,,2020-05-22,69.0,5.0
Sweden,Gotland,,,2020-05-23,69.0,5.0
Sweden,Gotland,,,2020-05-24,69.0,5.0
Sweden,Gotland,,,2020-05-25,70.0,5.0
Sweden,Gotland,,,2020-05-26,70.0,6.0
Sweden,Gotland,,,2020-05-27,70.0,6.0
Sweden,Gotland,,,2020-05-28,70.0,6.0
Sweden,Gotland,,,2020-05-29,72.0,6.0
Sweden,Gotland,,,2020-05-30,76.0,6.0
Sweden,Gotland,,,2020-05-31,81.0,6.0
Sweden,Gotland,,,2020-06-01,81.0,6.0
Sweden,Gotland,,,2020-06-02,84.0,6.0
Sweden,Gotland,,,2020-06-03,86.0,6.0
Sweden,Gotland,,,2020-06-04,87.0,6.0
Sweden,Gotland,,,2020-06-05,88.0,6.0
Sweden,Gotland,,,2020-06-06,89.0,6.0
Sweden,Gotland,,,2020-06-07,90.0,6.0
Sweden,Gävleborg,,,2020-03-16,8.0,0.0
Sweden,Gävleborg,,,2020-03-17,9.0,0.0
Sweden,Gävleborg,,,2020-03-18,13.0,0.0
Sweden,Gävleborg,,,2020-03-19,15.0,0.0
Sweden,Gävleborg,,,2020-03-20,17.0,0.0
Sweden,Gävleborg,,,2020-03-21,20.0,0.0
Sweden,Gävleborg,,,2020-03-22,24.0,0.0
Sweden,Gävleborg,,,2020-03-23,24.0,0.0
Sweden,Gävleborg,,,2020-03-24,27.0,0.0
Sweden,Gävleborg,,,2020-03-25,32.0,0.0
Sweden,Gävleborg,,,2020-03-26,39.0,0.0
Sweden,Gävleborg,,,2020-03-27,44.0,0.0
Sweden,Gävleborg,,,2020-03-28,53.0,0.0
Sweden,Gävleborg,,,2020-03-29,66.0,0.0
Sweden,Gävleborg,,,2020-03-30,75.0,1.0
Sweden,Gävleborg,,,2020-03-31,86.0,2.0
Sweden,Gävleborg,,,2020-04-01,101.0,4.0
Sweden,Gävleborg,,,2020-04-02,131.0,4.0
Sweden,Gävleborg,,,2020-04-03,147.0,4.0
Sweden,Gävleborg,,,2020-04-04,163.0,4.0
Sweden,Gävleborg,,,2020-04-05,175.0,4.0
Sweden,Gävleborg,,,2020-04-06,182.0,4.0
Sweden,Gävleborg,,,2020-04-07,202.0,5.0
Sweden,Gävleborg,,,2020-04-08,209.0,17.0
Sweden,Gävleborg,,,2020-04-09,227.0,20.0
Sweden,Gävleborg,,,2020-04-10,245.0,27.0
Sweden,Gävleborg,,,2020-04-11,263.0,27.0
Sweden,Gävleborg,,,2020-04-12,273.0,27.0
Sweden,Gävleborg,,,2020-04-13,290.0,27.0
Sweden,Gävleborg,,,2020-04-14,301.0,33.0
Sweden,Gävleborg,,,2020-04-15,316.0,35.0
Sweden,Gävleborg,,,2020-04-16,335.0,35.0
Sweden,Gävleborg,,,2020-04-17,357.0,36.0
Sweden,Gävleborg,,,2020-04-18,373.0,36.0
Sweden,Gävleborg,,,2020-04-19,402.0,36.0
Sweden,Gävleborg,,,2020-04-20,411.0,39.0
Sweden,Gävleborg,,,2020-04-21,427.0,40.0
Sweden,Gävleborg,,,2020-04-22,443.0,44.0
Sweden,Gävleborg,,,2020-04-23,467.0,45.0
Sweden,Gävleborg,,,2020-04-24,475.0,47.0
Sweden,Gävleborg,,,2020-04-25,491.0,48.0
Sweden,Gävleborg,,,2020-04-26,514.0,48.0
Sweden,Gävleborg,,,2020-04-27,520.0,52.0
Sweden,Gävleborg,,,2020-04-28,534.0,52.0
Sweden,Gävleborg,,,2020-04-29,547.0,55.0
Sweden,Gävleborg,,,2020-04-30,571.0,55.0
Sweden,Gävleborg,,,2020-05-01,600.0,57.0
Sweden,Gävleborg,,,2020-05-02,611.0,59.0
Sweden,Gävleborg,,,2020-05-03,625.0,61.0
Sweden,Gävleborg,,,2020-05-04,635.0,64.0
Sweden,Gävleborg,,,2020-05-05,661.0,67.0
Sweden,Gävleborg,,,2020-05-06,670.0,70.0
Sweden,Gävleborg,,,2020-05-07,700.0,73.0
Sweden,Gävleborg,,,2020-05-08,728.0,76.0
Sweden,Gävleborg,,,2020-05-09,746.0,76.0
Sweden,Gävleborg,,,2020-05-10,802.0,76.0
Sweden,Gävleborg,,,2020-05-11,805.0,76.0
Sweden,Gävleborg,,,2020-05-12,833.0,79.0
Sweden,Gävleborg,,,2020-05-13,848.0,85.0
Sweden,Gävleborg,,,2020-05-14,882.0,85.0
Sweden,Gävleborg,,,2020-05-15,917.0,86.0
Sweden,Gävleborg,,,2020-05-16,950.0,86.0
Sweden,Gävleborg,,,2020-05-17,974.0,86.0
Sweden,Gävleborg,,,2020-05-18,979.0,86.0
Sweden,Gävleborg,,,2020-05-19,1001.0,90.0
Sweden,Gävleborg,,,2020-05-20,1027.0,92.0
Sweden,Gävleborg,,,2020-05-21,1055.0,94.0
Sweden,Gävleborg,,,2020-05-22,1078.0,95.0
Sweden,Gävleborg,,,2020-05-23,1100.0,95.0
Sweden,Gävleborg,,,2020-05-24,1123.0,96.0
Sweden,Gävleborg,,,2020-05-25,1128.0,96.0
Sweden,Gävleborg,,,2020-05-26,1154.0,97.0
Sweden,Gävleborg,,,2020-05-27,1173.0,97.0
Sweden,Gävleborg,,,2020-05-28,1202.0,99.0
Sweden,Gävleborg,,,2020-05-29,1233.0,102.0
Sweden,Gävleborg,,,2020-05-30,1258.0,103.0
Sweden,Gävleborg,,,2020-05-31,1285.0,103.0
Sweden,Gävleborg,,,2020-06-01,1293.0,103.0
Sweden,Gävleborg,,,2020-06-02,1313.0,106.0
Sweden,Gävleborg,,,2020-06-03,1351.0,109.0
Sweden,Gävleborg,,,2020-06-04,1400.0,109.0
Sweden,Gävleborg,,,2020-06-05,1435.0,111.0
Sweden,Gävleborg,,,2020-06-06,1470.0,112.0
Sweden,Gävleborg,,,2020-06-07,1503.0,112.0
Sweden,Halland,,,2020-03-16,42.0,0.0
Sweden,Halland,,,2020-03-17,43.0,0.0
Sweden,Halland,,,2020-03-18,46.0,0.0
Sweden,Halland,,,2020-03-19,48.0,0.0
Sweden,Halland,,,2020-03-20,51.0,0.0
Sweden,Halland,,,2020-03-21,55.0,0.0
Sweden,Halland,,,2020-03-22,58.0,0.0
Sweden,Halland,,,2020-03-23,59.0,0.0
Sweden,Halland,,,2020-03-24,63.0,0.0
Sweden,Halland,,,2020-03-25,66.0,0.0
Sweden,Halland,,,2020-03-26,70.0,0.0
Sweden,Halland,,,2020-03-27,78.0,1.0
Sweden,Halland,,,2020-03-28,81.0,1.0
Sweden,Halland,,,2020-03-29,87.0,1.0
Sweden,Halland,,,2020-03-30,89.0,6.0
Sweden,Halland,,,2020-03-31,96.0,7.0
Sweden,Halland,,,2020-04-01,101.0,7.0
Sweden,Halland,,,2020-04-02,105.0,8.0
Sweden,Halland,,,2020-04-03,114.0,8.0
Sweden,Halland,,,2020-04-04,126.0,9.0
Sweden,Halland,,,2020-04-05,127.0,11.0
Sweden,Halland,,,2020-04-06,131.0,12.0
Sweden,Halland,,,2020-04-07,141.0,14.0
Sweden,Halland,,,2020-04-08,154.0,14.0
Sweden,Halland,,,2020-04-09,167.0,15.0
Sweden,Halland,,,2020-04-10,175.0,15.0
Sweden,Halland,,,2020-04-11,180.0,15.0
Sweden,Halland,,,2020-04-12,182.0,15.0
Sweden,Halland,,,2020-04-13,185.0,15.0
Sweden,Halland,,,2020-04-14,189.0,16.0
Sweden,Halland,,,2020-04-15,194.0,17.0
Sweden,Halland,,,2020-04-16,200.0,21.0
Sweden,Halland,,,2020-04-17,217.0,23.0
Sweden,Halland,,,2020-04-18,224.0,23.0
Sweden,Halland,,,2020-04-19,231.0,23.0
Sweden,Halland,,,2020-04-20,241.0,23.0
Sweden,Halland,,,2020-04-21,247.0,24.0
Sweden,Halland,,,2020-04-22,259.0,26.0
Sweden,Halland,,,2020-04-23,288.0,28.0
Sweden,Halland,,,2020-04-24,298.0,29.0
Sweden,Halland,,,2020-04-25,300.0,29.0
Sweden,Halland,,,2020-04-26,300.0,29.0
Sweden,Halland,,,2020-04-27,305.0,31.0
Sweden,Halland,,,2020-04-28,341.0,31.0
Sweden,Halland,,,2020-04-29,349.0,31.0
Sweden,Halland,,,2020-04-30,366.0,34.0
Sweden,Halland,,,2020-05-01,371.0,34.0
Sweden,Halland,,,2020-05-02,377.0,34.0
Sweden,Halland,,,2020-05-03,381.0,35.0
Sweden,Halland,,,2020-05-04,387.0,36.0
Sweden,Halland,,,2020-05-05,395.0,37.0
Sweden,Halland,,,2020-05-06,418.0,38.0
Sweden,Halland,,,2020-05-07,441.0,40.0
Sweden,Halland,,,2020-05-08,453.0,41.0
Sweden,Halland,,,2020-05-09,468.0,42.0
Sweden,Halland,,,2020-05-10,473.0,42.0
Sweden,Halland,,,2020-05-11,479.0,43.0
Sweden,Halland,,,2020-05-12,487.0,43.0
Sweden,Halland,,,2020-05-13,500.0,44.0
Sweden,Halland,,,2020-05-14,508.0,45.0
Sweden,Halland,,,2020-05-15,529.0,45.0
Sweden,Halland,,,2020-05-16,538.0,45.0
Sweden,Halland,,,2020-05-17,550.0,45.0
Sweden,Halland,,,2020-05-18,554.0,46.0
Sweden,Halland,,,2020-05-19,574.0,48.0
Sweden,Halland,,,2020-05-20,587.0,48.0
Sweden,Halland,,,2020-05-21,632.0,48.0
Sweden,Halland,,,2020-05-22,639.0,48.0
Sweden,Halland,,,2020-05-23,647.0,51.0
Sweden,Halland,,,2020-05-24,653.0,51.0
Sweden,Halland,,,2020-05-25,655.0,52.0
Sweden,Halland,,,2020-05-26,663.0,52.0
Sweden,Halland,,,2020-05-27,693.0,52.0
Sweden,Halland,,,2020-05-28,723.0,53.0
Sweden,Halland,,,2020-05-29,751.0,53.0
Sweden,Halland,,,2020-05-30,762.0,53.0
Sweden,Halland,,,2020-05-31,773.0,53.0
Sweden,Halland,,,2020-06-01,781.0,53.0
Sweden,Halland,,,2020-06-02,803.0,53.0
Sweden,Halland,,,2020-06-03,833.0,56.0
Sweden,Halland,,,2020-06-04,843.0,56.0
Sweden,Halland,,,2020-06-05,870.0,56.0
Sweden,Halland,,,2020-06-06,887.0,57.0
Sweden,Halland,,,2020-06-07,913.0,57.0
Sweden,Jämtland,,,2020-03-16,19.0,0.0
Sweden,Jämtland,,,2020-03-17,22.0,0.0
Sweden,Jämtland,,,2020-03-18,22.0,0.0
Sweden,Jämtland,,,2020-03-19,24.0,0.0
Sweden,Jämtland,,,2020-03-20,27.0,0.0
Sweden,Jämtland,,,2020-03-21,30.0,0.0
Sweden,Jämtland,,,2020-03-22,40.0,0.0
Sweden,Jämtland,,,2020-03-23,49.0,0.0
Sweden,Jämtland,,,2020-03-24,55.0,0.0
Sweden,Jämtland,,,2020-03-25,59.0,0.0
Sweden,Jämtland,,,2020-03-26,60.0,0.0
Sweden,Jämtland,,,2020-03-27,68.0,0.0
Sweden,Jämtland,,,2020-03-28,71.0,0.0
Sweden,Jämtland,,,2020-03-29,77.0,0.0
Sweden,Jämtland,,,2020-03-30,77.0,0.0
Sweden,Jämtland,,,2020-03-31,81.0,0.0
Sweden,Jämtland,,,2020-04-01,82.0,0.0
Sweden,Jämtland,,,2020-04-02,82.0,0.0
Sweden,Jämtland,,,2020-04-03,84.0,0.0
Sweden,Jämtland,,,2020-04-04,86.0,0.0
Sweden,Jämtland,,,2020-04-05,89.0,0.0
Sweden,Jämtland,,,2020-04-06,90.0,0.0
Sweden,Jämtland,,,2020-04-07,92.0,0.0
Sweden,Jämtland,,,2020-04-08,97.0,0.0
Sweden,Jämtland,,,2020-04-09,107.0,0.0
Sweden,Jämtland,,,2020-04-10,115.0,0.0
Sweden,Jämtland,,,2020-04-11,123.0,0.0
Sweden,Jämtland,,,2020-04-12,127.0,0.0
Sweden,Jämtland,,,2020-04-13,131.0,0.0
Sweden,Jämtland,,,2020-04-14,137.0,0.0
Sweden,Jämtland,,,2020-04-15,155.0,0.0
Sweden,Jämtland,,,2020-04-16,169.0,1.0
Sweden,Jämtland,,,2020-04-17,181.0,1.0
Sweden,Jämtland,,,2020-04-18,187.0,1.0
Sweden,Jämtland,,,2020-04-19,209.0,1.0
Sweden,Jämtland,,,2020-04-20,213.0,1.0
Sweden,Jämtland,,,2020-04-21,214.0,1.0
Sweden,Jämtland,,,2020-04-22,234.0,10.0
Sweden,Jämtland,,,2020-04-23,249.0,10.0
Sweden,Jämtland,,,2020-04-24,261.0,11.0
Sweden,Jämtland,,,2020-04-25,264.0,11.0
Sweden,Jämtland,,,2020-04-26,277.0,11.0
Sweden,Jämtland,,,2020-04-27,281.0,11.0
Sweden,Jämtland,,,2020-04-28,288.0,11.0
Sweden,Jämtland,,,2020-04-29,294.0,11.0
Sweden,Jämtland,,,2020-04-30,322.0,11.0
Sweden,Jämtland,,,2020-05-01,331.0,11.0
Sweden,Jämtland,,,2020-05-02,338.0,11.0
Sweden,Jämtland,,,2020-05-03,348.0,11.0
Sweden,Jämtland,,,2020-05-04,359.0,11.0
Sweden,Jämtland,,,2020-05-05,366.0,11.0
Sweden,Jämtland,,,2020-05-06,386.0,11.0
Sweden,Jämtland,,,2020-05-07,406.0,13.0
Sweden,Jämtland,,,2020-05-08,414.0,14.0
Sweden,Jämtland,,,2020-05-09,433.0,14.0
Sweden,Jämtland,,,2020-05-10,437.0,14.0
Sweden,Jämtland,,,2020-05-11,445.0,14.0
Sweden,Jämtland,,,2020-05-12,461.0,15.0
Sweden,Jämtland,,,2020-05-13,472.0,15.0
Sweden,Jämtland,,,2020-05-14,495.0,15.0
Sweden,Jämtland,,,2020-05-15,517.0,15.0
Sweden,Jämtland,,,2020-05-16,522.0,17.0
Sweden,Jämtland,,,2020-05-17,536.0,17.0
Sweden,Jämtland,,,2020-05-18,550.0,17.0
Sweden,Jämtland,,,2020-05-19,559.0,18.0
Sweden,Jämtland,,,2020-05-20,570.0,18.0
Sweden,Jämtland,,,2020-05-21,593.0,25.0
Sweden,Jämtland,,,2020-05-22,607.0,25.0
Sweden,Jämtland,,,2020-05-23,626.0,25.0
Sweden,Jämtland,,,2020-05-24,628.0,25.0
Sweden,Jämtland,,,2020-05-25,637.0,25.0
Sweden,Jämtland,,,2020-05-26,651.0,25.0
Sweden,Jämtland,,,2020-05-27,657.0,25.0
Sweden,Jämtland,,,2020-05-28,678.0,26.0
Sweden,Jämtland,,,2020-05-29,694.0,32.0
Sweden,Jämtland,,,2020-05-30,709.0,32.0
Sweden,Jämtland,,,2020-05-31,722.0,32.0
Sweden,Jämtland,,,2020-06-01,729.0,32.0
Sweden,Jämtland,,,2020-06-02,742.0,32.0
Sweden,Jämtland,,,2020-06-03,744.0,33.0
Sweden,Jämtland,,,2020-06-04,757.0,33.0
Sweden,Jämtland,,,2020-06-05,774.0,33.0
Sweden,Jämtland,,,2020-06-06,792.0,33.0
Sweden,Jämtland,,,2020-06-07,803.0,34.0
Sweden,Jönköping,,,2020-03-16,42.0,0.0
Sweden,Jönköping,,,2020-03-17,43.0,0.0
Sweden,Jönköping,,,2020-03-18,44.0,0.0
Sweden,Jönköping,,,2020-03-19,46.0,0.0
Sweden,Jönköping,,,2020-03-20,48.0,0.0
Sweden,Jönköping,,,2020-03-21,51.0,0.0
Sweden,Jönköping,,,2020-03-22,55.0,0.0
Sweden,Jönköping,,,2020-03-23,56.0,0.0
Sweden,Jönköping,,,2020-03-24,59.0,0.0
Sweden,Jönköping,,,2020-03-25,65.0,0.0
Sweden,Jönköping,,,2020-03-26,70.0,0.0
Sweden,Jönköping,,,2020-03-27,79.0,2.0
Sweden,Jönköping,,,2020-03-28,94.0,3.0
Sweden,Jönköping,,,2020-03-29,103.0,6.0
Sweden,Jönköping,,,2020-03-30,109.0,8.0
Sweden,Jönköping,,,2020-03-31,126.0,9.0
Sweden,Jönköping,,,2020-04-01,142.0,10.0
Sweden,Jönköping,,,2020-04-02,155.0,11.0
Sweden,Jönköping,,,2020-04-03,187.0,13.0
Sweden,Jönköping,,,2020-04-04,199.0,13.0
Sweden,Jönköping,,,2020-04-05,223.0,13.0
Sweden,Jönköping,,,2020-04-06,233.0,13.0
Sweden,Jönköping,,,2020-04-07,254.0,15.0
Sweden,Jönköping,,,2020-04-08,270.0,20.0
Sweden,Jönköping,,,2020-04-09,295.0,23.0
Sweden,Jönköping,,,2020-04-10,317.0,24.0
Sweden,Jönköping,,,2020-04-11,336.0,24.0
Sweden,Jönköping,,,2020-04-12,340.0,25.0
Sweden,Jönköping,,,2020-04-13,350.0,25.0
Sweden,Jönköping,,,2020-04-14,355.0,33.0
Sweden,Jönköping,,,2020-04-15,367.0,34.0
Sweden,Jönköping,,,2020-04-16,395.0,37.0
Sweden,Jönköping,,,2020-04-17,417.0,38.0
Sweden,Jönköping,,,2020-04-18,450.0,38.0
Sweden,Jönköping,,,2020-04-19,489.0,38.0
Sweden,Jönköping,,,2020-04-20,505.0,39.0
Sweden,Jönköping,,,2020-04-21,522.0,41.0
Sweden,Jönköping,,,2020-04-22,559.0,47.0
Sweden,Jönköping,,,2020-04-23,592.0,49.0
Sweden,Jönköping,,,2020-04-24,636.0,51.0
Sweden,Jönköping,,,2020-04-25,661.0,51.0
Sweden,Jönköping,,,2020-04-26,680.0,51.0
Sweden,Jönköping,,,2020-04-27,682.0,53.0
Sweden,Jönköping,,,2020-04-28,712.0,53.0
Sweden,Jönköping,,,2020-04-29,729.0,65.0
Sweden,Jönköping,,,2020-04-30,772.0,67.0
Sweden,Jönköping,,,2020-05-01,789.0,69.0
Sweden,Jönköping,,,2020-05-02,821.0,69.0
Sweden,Jönköping,,,2020-05-03,839.0,72.0
Sweden,Jönköping,,,2020-05-04,846.0,75.0
Sweden,Jönköping,,,2020-05-05,865.0,81.0
Sweden,Jönköping,,,2020-05-06,887.0,85.0
Sweden,Jönköping,,,2020-05-07,919.0,85.0
Sweden,Jönköping,,,2020-05-08,935.0,93.0
Sweden,Jönköping,,,2020-05-09,963.0,93.0
Sweden,Jönköping,,,2020-05-10,967.0,93.0
Sweden,Jönköping,,,2020-05-11,998.0,96.0
Sweden,Jönköping,,,2020-05-12,1015.0,97.0
Sweden,Jönköping,,,2020-05-13,1044.0,108.0
Sweden,Jönköping,,,2020-05-14,1081.0,110.0
Sweden,Jönköping,,,2020-05-15,1111.0,113.0
Sweden,Jönköping,,,2020-05-16,1126.0,113.0
Sweden,Jönköping,,,2020-05-17,1147.0,113.0
Sweden,Jönköping,,,2020-05-18,1168.0,116.0
Sweden,Jönköping,,,2020-05-19,1182.0,117.0
Sweden,Jönköping,,,2020-05-20,1220.0,121.0
Sweden,Jönköping,,,2020-05-21,1252.0,121.0
Sweden,Jönköping,,,2020-05-22,1276.0,121.0
Sweden,Jönköping,,,2020-05-23,1288.0,121.0
Sweden,Jönköping,,,2020-05-24,1294.0,121.0
Sweden,Jönköping,,,2020-05-25,1323.0,126.0
Sweden,Jönköping,,,2020-05-26,1359.0,128.0
Sweden,Jönköping,,,2020-05-27,1401.0,130.0
Sweden,Jönköping,,,2020-05-28,1449.0,131.0
Sweden,Jönköping,,,2020-05-29,1486.0,138.0
Sweden,Jönköping,,,2020-05-30,1508.0,138.0
Sweden,Jönköping,,,2020-05-31,1538.0,138.0
Sweden,Jönköping,,,2020-06-01,1554.0,139.0
Sweden,Jönköping,,,2020-06-02,1572.0,139.0
Sweden,Jönköping,,,2020-06-03,1613.0,140.0
Sweden,Jönköping,,,2020-06-04,1647.0,141.0
Sweden,Jönköping,,,2020-06-05,1681.0,144.0
Sweden,Jönköping,,,2020-06-06,1719.0,144.0
Sweden,Jönköping,,,2020-06-07,1750.0,144.0
Sweden,Kalmar,,,2020-03-16,7.0,0.0
Sweden,Kalmar,,,2020-03-17,7.0,0.0
Sweden,Kalmar,,,2020-03-18,7.0,0.0
Sweden,Kalmar,,,2020-03-19,7.0,0.0
Sweden,Kalmar,,,2020-03-20,9.0,0.0
Sweden,Kalmar,,,2020-03-21,10.0,0.0
Sweden,Kalmar,,,2020-03-22,11.0,0.0
Sweden,Kalmar,,,2020-03-23,12.0,0.0
Sweden,Kalmar,,,2020-03-24,15.0,0.0
Sweden,Kalmar,,,2020-03-25,17.0,0.0
Sweden,Kalmar,,,2020-03-26,19.0,0.0
Sweden,Kalmar,,,2020-03-27,25.0,1.0
Sweden,Kalmar,,,2020-03-28,28.0,1.0
Sweden,Kalmar,,,2020-03-29,30.0,1.0
Sweden,Kalmar,,,2020-03-30,31.0,1.0
Sweden,Kalmar,,,2020-03-31,34.0,1.0
Sweden,Kalmar,,,2020-04-01,38.0,1.0
Sweden,Kalmar,,,2020-04-02,42.0,1.0
Sweden,Kalmar,,,2020-04-03,46.0,1.0
Sweden,Kalmar,,,2020-04-04,47.0,1.0
Sweden,Kalmar,,,2020-04-05,49.0,1.0
Sweden,Kalmar,,,2020-04-06,52.0,1.0
Sweden,Kalmar,,,2020-04-07,57.0,3.0
Sweden,Kalmar,,,2020-04-08,61.0,4.0
Sweden,Kalmar,,,2020-04-09,63.0,4.0
Sweden,Kalmar,,,2020-04-10,64.0,4.0
Sweden,Kalmar,,,2020-04-11,65.0,4.0
Sweden,Kalmar,,,2020-04-12,68.0,4.0
Sweden,Kalmar,,,2020-04-13,70.0,4.0
Sweden,Kalmar,,,2020-04-14,79.0,5.0
Sweden,Kalmar,,,2020-04-15,82.0,5.0
Sweden,Kalmar,,,2020-04-16,83.0,6.0
Sweden,Kalmar,,,2020-04-17,89.0,6.0
Sweden,Kalmar,,,2020-04-18,91.0,6.0
Sweden,Kalmar,,,2020-04-19,94.0,6.0
Sweden,Kalmar,,,2020-04-20,98.0,6.0
Sweden,Kalmar,,,2020-04-21,108.0,6.0
Sweden,Kalmar,,,2020-04-22,115.0,7.0
Sweden,Kalmar,,,2020-04-23,128.0,10.0
Sweden,Kalmar,,,2020-04-24,137.0,10.0
Sweden,Kalmar,,,2020-04-25,139.0,10.0
Sweden,Kalmar,,,2020-04-26,140.0,10.0
Sweden,Kalmar,,,2020-04-27,146.0,10.0
Sweden,Kalmar,,,2020-04-28,151.0,11.0
Sweden,Kalmar,,,2020-04-29,155.0,11.0
Sweden,Kalmar,,,2020-04-30,167.0,12.0
Sweden,Kalmar,,,2020-05-01,172.0,12.0
Sweden,Kalmar,,,2020-05-02,179.0,12.0
Sweden,Kalmar,,,2020-05-03,179.0,12.0
Sweden,Kalmar,,,2020-05-04,187.0,12.0
Sweden,Kalmar,,,2020-05-05,196.0,13.0
Sweden,Kalmar,,,2020-05-06,200.0,14.0
Sweden,Kalmar,,,2020-05-07,205.0,15.0
Sweden,Kalmar,,,2020-05-08,213.0,16.0
Sweden,Kalmar,,,2020-05-09,218.0,16.0
Sweden,Kalmar,,,2020-05-10,224.0,16.0
Sweden,Kalmar,,,2020-05-11,226.0,16.0
Sweden,Kalmar,,,2020-05-12,233.0,17.0
Sweden,Kalmar,,,2020-05-13,237.0,17.0
Sweden,Kalmar,,,2020-05-14,238.0,18.0
Sweden,Kalmar,,,2020-05-15,244.0,25.0
Sweden,Kalmar,,,2020-05-16,250.0,25.0
Sweden,Kalmar,,,2020-05-17,254.0,25.0
Sweden,Kalmar,,,2020-05-18,257.0,25.0
Sweden,Kalmar,,,2020-05-19,263.0,25.0
Sweden,Kalmar,,,2020-05-20,264.0,26.0
Sweden,Kalmar,,,2020-05-21,268.0,26.0
Sweden,Kalmar,,,2020-05-22,268.0,26.0
Sweden,Kalmar,,,2020-05-23,275.0,29.0
Sweden,Kalmar,,,2020-05-24,279.0,29.0
Sweden,Kalmar,,,2020-05-25,280.0,29.0
Sweden,Kalmar,,,2020-05-26,300.0,30.0
Sweden,Kalmar,,,2020-05-27,312.0,31.0
Sweden,Kalmar,,,2020-05-28,326.0,35.0
Sweden,Kalmar,,,2020-05-29,344.0,35.0
Sweden,Kalmar,,,2020-05-30,348.0,35.0
Sweden,Kalmar,,,2020-05-31,349.0,35.0
Sweden,Kalmar,,,2020-06-01,352.0,35.0
Sweden,Kalmar,,,2020-06-02,362.0,36.0
Sweden,Kalmar,,,2020-06-03,367.0,36.0
Sweden,Kalmar,,,2020-06-04,376.0,36.0
Sweden,Kalmar,,,2020-06-05,390.0,39.0
Sweden,Kalmar,,,2020-06-06,405.0,39.0
Sweden,Kalmar,,,2020-06-07,406.0,39.0
Sweden,Kronoberg,,,2020-03-16,15.0,0.0
Sweden,Kronoberg,,,2020-03-17,15.0,0.0
Sweden,Kronoberg,,,2020-03-18,16.0,0.0
Sweden,Kronoberg,,,2020-03-19,18.0,0.0
Sweden,Kronoberg,,,2020-03-20,18.0,0.0
Sweden,Kronoberg,,,2020-03-21,18.0,0.0
Sweden,Kronoberg,,,2020-03-22,18.0,0.0
Sweden,Kronoberg,,,2020-03-23,18.0,0.0
Sweden,Kronoberg,,,2020-03-24,18.0,0.0
Sweden,Kronoberg,,,2020-03-25,19.0,0.0
Sweden,Kronoberg,,,2020-03-26,20.0,0.0
Sweden,Kronoberg,,,2020-03-27,22.0,0.0
Sweden,Kronoberg,,,2020-03-28,23.0,0.0
Sweden,Kronoberg,,,2020-03-29,27.0,0.0
Sweden,Kronoberg,,,2020-03-30,30.0,0.0
Sweden,Kronoberg,,,2020-03-31,34.0,0.0
Sweden,Kronoberg,,,2020-04-01,39.0,0.0
Sweden,Kronoberg,,,2020-04-02,40.0,0.0
Sweden,Kronoberg,,,2020-04-03,45.0,0.0
Sweden,Kronoberg,,,2020-04-04,49.0,0.0
Sweden,Kronoberg,,,2020-04-05,49.0,0.0
Sweden,Kronoberg,,,2020-04-06,53.0,0.0
Sweden,Kronoberg,,,2020-04-07,54.0,1.0
Sweden,Kronoberg,,,2020-04-08,61.0,1.0
Sweden,Kronoberg,,,2020-04-09,77.0,1.0
Sweden,Kronoberg,,,2020-04-10,82.0,1.0
Sweden,Kronoberg,,,2020-04-11,87.0,1.0
Sweden,Kronoberg,,,2020-04-12,97.0,1.0
Sweden,Kronoberg,,,2020-04-13,98.0,1.0
Sweden,Kronoberg,,,2020-04-14,104.0,1.0
Sweden,Kronoberg,,,2020-04-15,109.0,4.0
Sweden,Kronoberg,,,2020-04-16,122.0,6.0
Sweden,Kronoberg,,,2020-04-17,140.0,7.0
Sweden,Kronoberg,,,2020-04-18,142.0,7.0
Sweden,Kronoberg,,,2020-04-19,164.0,8.0
Sweden,Kronoberg,,,2020-04-20,175.0,9.0
Sweden,Kronoberg,,,2020-04-21,184.0,11.0
Sweden,Kronoberg,,,2020-04-22,198.0,11.0
Sweden,Kronoberg,,,2020-04-23,211.0,12.0
Sweden,Kronoberg,,,2020-04-24,228.0,12.0
Sweden,Kronoberg,,,2020-04-25,238.0,14.0
Sweden,Kronoberg,,,2020-04-26,259.0,14.0
Sweden,Kronoberg,,,2020-04-27,263.0,17.0
Sweden,Kronoberg,,,2020-04-28,270.0,19.0
Sweden,Kronoberg,,,2020-04-29,291.0,22.0
Sweden,Kronoberg,,,2020-04-30,306.0,23.0
Sweden,Kronoberg,,,2020-05-01,312.0,23.0
Sweden,Kronoberg,,,2020-05-02,332.0,23.0
Sweden,Kronoberg,,,2020-05-03,337.0,23.0
Sweden,Kronoberg,,,2020-05-04,354.0,24.0
Sweden,Kronoberg,,,2020-05-05,360.0,26.0
Sweden,Kronoberg,,,2020-05-06,392.0,28.0
Sweden,Kronoberg,,,2020-05-07,414.0,31.0
Sweden,Kronoberg,,,2020-05-08,439.0,33.0
Sweden,Kronoberg,,,2020-05-09,463.0,33.0
Sweden,Kronoberg,,,2020-05-10,495.0,33.0
Sweden,Kronoberg,,,2020-05-11,495.0,33.0
Sweden,Kronoberg,,,2020-05-12,507.0,34.0
Sweden,Kronoberg,,,2020-05-13,535.0,34.0
Sweden,Kronoberg,,,2020-05-14,566.0,35.0
Sweden,Kronoberg,,,2020-05-15,584.0,35.0
Sweden,Kronoberg,,,2020-05-16,592.0,39.0
Sweden,Kronoberg,,,2020-05-17,623.0,39.0
Sweden,Kronoberg,,,2020-05-18,630.0,39.0
Sweden,Kronoberg,,,2020-05-19,641.0,40.0
Sweden,Kronoberg,,,2020-05-20,665.0,44.0
Sweden,Kronoberg,,,2020-05-21,676.0,50.0
Sweden,Kronoberg,,,2020-05-22,703.0,50.0
Sweden,Kronoberg,,,2020-05-23,716.0,50.0
Sweden,Kronoberg,,,2020-05-24,718.0,50.0
Sweden,Kronoberg,,,2020-05-25,745.0,50.0
Sweden,Kronoberg,,,2020-05-26,753.0,59.0
Sweden,Kronoberg,,,2020-05-27,769.0,62.0
Sweden,Kronoberg,,,2020-05-28,797.0,62.0
Sweden,Kronoberg,,,2020-05-29,816.0,65.0
Sweden,Kronoberg,,,2020-05-30,827.0,65.0
Sweden,Kronoberg,,,2020-05-31,839.0,65.0
Sweden,Kronoberg,,,2020-06-01,840.0,65.0
Sweden,Kronoberg,,,2020-06-02,855.0,69.0
Sweden,Kronoberg,,,2020-06-03,873.0,71.0
Sweden,Kronoberg,,,2020-06-04,886.0,74.0
Sweden,Kronoberg,,,2020-06-05,897.0,76.0
Sweden,Kronoberg,,,2020-06-06,916.0,76.0
Sweden,Kronoberg,,,2020-06-07,916.0,76.0
Sweden,Norrbotten,,,2020-03-16,6.0,0.0
Sweden,Norrbotten,,,2020-03-17,8.0,0.0
Sweden,Norrbotten,,,2020-03-18,7.0,0.0
Sweden,Norrbotten,,,2020-03-19,8.0,0.0
Sweden,Norrbotten,,,2020-03-20,9.0,0.0
Sweden,Norrbotten,,,2020-03-21,13.0,0.0
Sweden,Norrbotten,,,2020-03-22,16.0,0.0
Sweden,Norrbotten,,,2020-03-23,17.0,0.0
Sweden,Norrbotten,,,2020-03-24,25.0,0.0
Sweden,Norrbotten,,,2020-03-25,30.0,0.0
Sweden,Norrbotten,,,2020-03-26,35.0,0.0
Sweden,Norrbotten,,,2020-03-27,39.0,1.0
Sweden,Norrbotten,,,2020-03-28,42.0,1.0
Sweden,Norrbotten,,,2020-03-29,44.0,1.0
Sweden,Norrbotten,,,2020-03-30,47.0,1.0
Sweden,Norrbotten,,,2020-03-31,51.0,1.0
Sweden,Norrbotten,,,2020-04-01,59.0,1.0
Sweden,Norrbotten,,,2020-04-02,66.0,1.0
Sweden,Norrbotten,,,2020-04-03,73.0,1.0
Sweden,Norrbotten,,,2020-04-04,74.0,1.0
Sweden,Norrbotten,,,2020-04-05,80.0,1.0
Sweden,Norrbotten,,,2020-04-06,81.0,3.0
Sweden,Norrbotten,,,2020-04-07,95.0,4.0
Sweden,Norrbotten,,,2020-04-08,107.0,5.0
Sweden,Norrbotten,,,2020-04-09,120.0,7.0
Sweden,Norrbotten,,,2020-04-10,127.0,7.0
Sweden,Norrbotten,,,2020-04-11,133.0,7.0
Sweden,Norrbotten,,,2020-04-12,134.0,7.0
Sweden,Norrbotten,,,2020-04-13,137.0,7.0
Sweden,Norrbotten,,,2020-04-14,157.0,9.0
Sweden,Norrbotten,,,2020-04-15,158.0,14.0
Sweden,Norrbotten,,,2020-04-16,162.0,14.0
Sweden,Norrbotten,,,2020-04-17,174.0,14.0
Sweden,Norrbotten,,,2020-04-18,186.0,14.0
Sweden,Norrbotten,,,2020-04-19,190.0,15.0
Sweden,Norrbotten,,,2020-04-20,194.0,18.0
Sweden,Norrbotten,,,2020-04-21,201.0,23.0
Sweden,Norrbotten,,,2020-04-22,205.0,26.0
Sweden,Norrbotten,,,2020-04-23,208.0,26.0
Sweden,Norrbotten,,,2020-04-24,218.0,28.0
Sweden,Norrbotten,,,2020-04-25,231.0,28.0
Sweden,Norrbotten,,,2020-04-26,231.0,28.0
Sweden,Norrbotten,,,2020-04-27,233.0,30.0
Sweden,Norrbotten,,,2020-04-28,243.0,31.0
Sweden,Norrbotten,,,2020-04-29,245.0,31.0
Sweden,Norrbotten,,,2020-04-30,252.0,33.0
Sweden,Norrbotten,,,2020-05-01,260.0,33.0
Sweden,Norrbotten,,,2020-05-02,267.0,33.0
Sweden,Norrbotten,,,2020-05-03,267.0,33.0
Sweden,Norrbotten,,,2020-05-04,271.0,35.0
Sweden,Norrbotten,,,2020-05-05,276.0,35.0
Sweden,Norrbotten,,,2020-05-06,282.0,36.0
Sweden,Norrbotten,,,2020-05-07,288.0,36.0
Sweden,Norrbotten,,,2020-05-08,293.0,37.0
Sweden,Norrbotten,,,2020-05-09,297.0,37.0
Sweden,Norrbotten,,,2020-05-10,299.0,37.0
Sweden,Norrbotten,,,2020-05-11,303.0,37.0
Sweden,Norrbotten,,,2020-05-12,312.0,37.0
Sweden,Norrbotten,,,2020-05-13,316.0,39.0
Sweden,Norrbotten,,,2020-05-14,326.0,40.0
Sweden,Norrbotten,,,2020-05-15,332.0,40.0
Sweden,Norrbotten,,,2020-05-16,333.0,40.0
Sweden,Norrbotten,,,2020-05-17,337.0,40.0
Sweden,Norrbotten,,,2020-05-18,339.0,40.0
Sweden,Norrbotten,,,2020-05-19,342.0,40.0
Sweden,Norrbotten,,,2020-05-20,345.0,40.0
Sweden,Norrbotten,,,2020-05-21,350.0,40.0
Sweden,Norrbotten,,,2020-05-22,356.0,40.0
Sweden,Norrbotten,,,2020-05-23,359.0,40.0
Sweden,Norrbotten,,,2020-05-24,360.0,40.0
Sweden,Norrbotten,,,2020-05-25,361.0,40.0
Sweden,Norrbotten,,,2020-05-26,373.0,40.0
Sweden,Norrbotten,,,2020-05-27,380.0,42.0
Sweden,Norrbotten,,,2020-05-28,388.0,42.0
Sweden,Norrbotten,,,2020-05-29,398.0,43.0
Sweden,Norrbotten,,,2020-05-30,413.0,43.0
Sweden,Norrbotten,,,2020-05-31,414.0,43.0
Sweden,Norrbotten,,,2020-06-01,414.0,43.0
Sweden,Norrbotten,,,2020-06-02,437.0,44.0
Sweden,Norrbotten,,,2020-06-03,448.0,46.0
Sweden,Norrbotten,,,2020-06-04,461.0,48.0
Sweden,Norrbotten,,,2020-06-05,481.0,48.0
Sweden,Norrbotten,,,2020-06-06,495.0,48.0
Sweden,Norrbotten,,,2020-06-07,503.0,48.0
Sweden,Skåne,,,2020-03-16,201.0,0.0
Sweden,Skåne,,,2020-03-17,207.0,0.0
Sweden,Skåne,,,2020-03-18,209.0,0.0
Sweden,Skåne,,,2020-03-19,216.0,0.0
Sweden,Skåne,,,2020-03-20,220.0,0.0
Sweden,Skåne,,,2020-03-21,223.0,0.0
Sweden,Skåne,,,2020-03-22,228.0,0.0
Sweden,Skåne,,,2020-03-23,231.0,0.0
Sweden,Skåne,,,2020-03-24,238.0,0.0
Sweden,Skåne,,,2020-03-25,246.0,0.0
Sweden,Skåne,,,2020-03-26,256.0,0.0
Sweden,Skåne,,,2020-03-27,263.0,4.0
Sweden,Skåne,,,2020-03-28,271.0,6.0
Sweden,Skåne,,,2020-03-29,275.0,7.0
Sweden,Skåne,,,2020-03-30,279.0,7.0
Sweden,Skåne,,,2020-03-31,283.0,8.0
Sweden,Skåne,,,2020-04-01,291.0,8.0
Sweden,Skåne,,,2020-04-02,298.0,8.0
Sweden,Skåne,,,2020-04-03,311.0,11.0
Sweden,Skåne,,,2020-04-04,322.0,11.0
Sweden,Skåne,,,2020-04-05,333.0,11.0
Sweden,Skåne,,,2020-04-06,348.0,13.0
Sweden,Skåne,,,2020-04-07,366.0,16.0
Sweden,Skåne,,,2020-04-08,381.0,16.0
Sweden,Skåne,,,2020-04-09,397.0,18.0
Sweden,Skåne,,,2020-04-10,405.0,20.0
Sweden,Skåne,,,2020-04-11,429.0,21.0
Sweden,Skåne,,,2020-04-12,435.0,22.0
Sweden,Skåne,,,2020-04-13,449.0,24.0
Sweden,Skåne,,,2020-04-14,458.0,24.0
Sweden,Skåne,,,2020-04-15,481.0,32.0
Sweden,Skåne,,,2020-04-16,498.0,37.0
Sweden,Skåne,,,2020-04-17,514.0,38.0
Sweden,Skåne,,,2020-04-18,530.0,42.0
Sweden,Skåne,,,2020-04-19,544.0,43.0
Sweden,Skåne,,,2020-04-20,549.0,43.0
Sweden,Skåne,,,2020-04-21,560.0,56.0
Sweden,Skåne,,,2020-04-22,575.0,57.0
Sweden,Skåne,,,2020-04-23,592.0,57.0
Sweden,Skåne,,,2020-04-24,606.0,60.0
Sweden,Skåne,,,2020-04-25,644.0,61.0
Sweden,Skåne,,,2020-04-26,656.0,61.0
Sweden,Skåne,,,2020-04-27,679.0,62.0
Sweden,Skåne,,,2020-04-28,713.0,68.0
Sweden,Skåne,,,2020-04-29,746.0,68.0
Sweden,Skåne,,,2020-04-30,783.0,69.0
Sweden,Skåne,,,2020-05-01,809.0,70.0
Sweden,Skåne,,,2020-05-02,823.0,70.0
Sweden,Skåne,,,2020-05-03,851.0,70.0
Sweden,Skåne,,,2020-05-04,857.0,70.0
Sweden,Skåne,,,2020-05-05,899.0,70.0
Sweden,Skåne,,,2020-05-06,932.0,83.0
Sweden,Skåne,,,2020-05-07,962.0,88.0
Sweden,Skåne,,,2020-05-08,1004.0,99.0
Sweden,Skåne,,,2020-05-09,1026.0,100.0
Sweden,Skåne,,,2020-05-10,1044.0,101.0
Sweden,Skåne,,,2020-05-11,1061.0,102.0
Sweden,Skåne,,,2020-05-12,1088.0,107.0
Sweden,Skåne,,,2020-05-13,1121.0,119.0
Sweden,Skåne,,,2020-05-14,1159.0,124.0
Sweden,Skåne,,,2020-05-15,1189.0,125.0
Sweden,Skåne,,,2020-05-16,1220.0,129.0
Sweden,Skåne,,,2020-05-17,1248.0,129.0
Sweden,Skåne,,,2020-05-18,1262.0,130.0
Sweden,Skåne,,,2020-05-19,1304.0,130.0
Sweden,Skåne,,,2020-05-20,1350.0,130.0
Sweden,Skåne,,,2020-05-21,1396.0,139.0
Sweden,Skåne,,,2020-05-22,1426.0,140.0
Sweden,Skåne,,,2020-05-23,1469.0,141.0
Sweden,Skåne,,,2020-05-24,1482.0,144.0
Sweden,Skåne,,,2020-05-25,1493.0,145.0
Sweden,Skåne,,,2020-05-26,1545.0,157.0
Sweden,Skåne,,,2020-05-27,1588.0,157.0
Sweden,Skåne,,,2020-05-28,1623.0,170.0
Sweden,Skåne,,,2020-05-29,1664.0,174.0
Sweden,Skåne,,,2020-05-30,1704.0,178.0
Sweden,Skåne,,,2020-05-31,1739.0,178.0
Sweden,Skåne,,,2020-06-01,1747.0,178.0
Sweden,Skåne,,,2020-06-02,1793.0,187.0
Sweden,Skåne,,,2020-06-03,1848.0,191.0
Sweden,Skåne,,,2020-06-04,1892.0,192.0
Sweden,Skåne,,,2020-06-05,1928.0,192.0
Sweden,Skåne,,,2020-06-06,1957.0,200.0
Sweden,Skåne,,,2020-06-07,1985.0,200.0
Sweden,Stockholm,,,2020-03-16,377.0,0.0
Sweden,Stockholm,,,2020-03-17,410.0,0.0
Sweden,Stockholm,,,2020-03-18,446.0,0.0
Sweden,Stockholm,,,2020-03-19,501.0,0.0
Sweden,Stockholm,,,2020-03-20,606.0,0.0
Sweden,Stockholm,,,2020-03-21,661.0,0.0
Sweden,Stockholm,,,2020-03-22,760.0,0.0
Sweden,Stockholm,,,2020-03-23,816.0,0.0
Sweden,Stockholm,,,2020-03-24,959.0,0.0
Sweden,Stockholm,,,2020-03-25,1070.0,0.0
Sweden,Stockholm,,,2020-03-26,1216.0,0.0
Sweden,Stockholm,,,2020-03-27,1311.0,60.0
Sweden,Stockholm,,,2020-03-28,1538.0,63.0
Sweden,Stockholm,,,2020-03-29,1657.0,67.0
Sweden,Stockholm,,,2020-03-30,1806.0,88.0
Sweden,Stockholm,,,2020-03-31,1979.0,103.0
Sweden,Stockholm,,,2020-04-01,2224.0,148.0
Sweden,Stockholm,,,2020-04-02,2439.0,178.0
Sweden,Stockholm,,,2020-04-03,2662.0,204.0
Sweden,Stockholm,,,2020-04-04,2849.0,225.0
Sweden,Stockholm,,,2020-04-05,3016.0,251.0
Sweden,Stockholm,,,2020-04-06,3143.0,303.0
Sweden,Stockholm,,,2020-04-07,3279.0,381.0
Sweden,Stockholm,,,2020-04-08,3577.0,419.0
Sweden,Stockholm,,,2020-04-09,3831.0,486.0
Sweden,Stockholm,,,2020-04-10,4061.0,510.0
Sweden,Stockholm,,,2020-04-11,4205.0,523.0
Sweden,Stockholm,,,2020-04-12,4397.0,528.0
Sweden,Stockholm,,,2020-04-13,4575.0,543.0
Sweden,Stockholm,,,2020-04-14,4806.0,616.0
Sweden,Stockholm,,,2020-04-15,4990.0,702.0
Sweden,Stockholm,,,2020-04-16,5206.0,795.0
Sweden,Stockholm,,,2020-04-17,5387.0,816.0
Sweden,Stockholm,,,2020-04-18,5651.0,897.0
Sweden,Stockholm,,,2020-04-19,5826.0,921.0
Sweden,Stockholm,,,2020-04-20,5992.0,944.0
Sweden,Stockholm,,,2020-04-21,6189.0,1022.0
Sweden,Stockholm,,,2020-04-22,6401.0,1070.0
Sweden,Stockholm,,,2020-04-23,6681.0,1128.0
Sweden,Stockholm,,,2020-04-24,6967.0,1192.0
Sweden,Stockholm,,,2020-04-25,7148.0,1208.0
Sweden,Stockholm,,,2020-04-26,7290.0,1209.0
Sweden,Stockholm,,,2020-04-27,7378.0,1237.0
Sweden,Stockholm,,,2020-04-28,7622.0,1287.0
Sweden,Stockholm,,,2020-04-29,7835.0,1319.0
Sweden,Stockholm,,,2020-04-30,8033.0,1406.0
Sweden,Stockholm,,,2020-05-01,8205.0,1417.0
Sweden,Stockholm,,,2020-05-02,8334.0,1428.0
Sweden,Stockholm,,,2020-05-03,8405.0,1430.0
Sweden,Stockholm,,,2020-05-04,8536.0,1463.0
Sweden,Stockholm,,,2020-05-05,8686.0,1524.0
Sweden,Stockholm,,,2020-05-06,8833.0,1551.0
Sweden,Stockholm,,,2020-05-07,9027.0,1604.0
Sweden,Stockholm,,,2020-05-08,9227.0,1660.0
Sweden,Stockholm,,,2020-05-09,9461.0,1674.0
Sweden,Stockholm,,,2020-05-10,9536.0,1676.0
Sweden,Stockholm,,,2020-05-11,9607.0,1688.0
Sweden,Stockholm,,,2020-05-12,9829.0,1698.0
Sweden,Stockholm,,,2020-05-13,9998.0,1733.0
Sweden,Stockholm,,,2020-05-14,10188.0,1779.0
Sweden,Stockholm,,,2020-05-15,10311.0,1822.0
Sweden,Stockholm,,,2020-05-16,10425.0,1833.0
Sweden,Stockholm,,,2020-05-17,10490.0,1837.0
Sweden,Stockholm,,,2020-05-18,10549.0,1845.0
Sweden,Stockholm,,,2020-05-19,10668.0,1864.0
Sweden,Stockholm,,,2020-05-20,10783.0,1879.0
Sweden,Stockholm,,,2020-05-21,10909.0,1884.0
Sweden,Stockholm,,,2020-05-22,11020.0,1885.0
Sweden,Stockholm,,,2020-05-23,11081.0,1936.0
Sweden,Stockholm,,,2020-05-24,11211.0,1936.0
Sweden,Stockholm,,,2020-05-25,11271.0,1942.0
Sweden,Stockholm,,,2020-05-26,11419.0,1971.0
Sweden,Stockholm,,,2020-05-27,11573.0,2008.0
Sweden,Stockholm,,,2020-05-28,11652.0,2016.0
Sweden,Stockholm,,,2020-05-29,11911.0,2018.0
Sweden,Stockholm,,,2020-05-30,12060.0,2055.0
Sweden,Stockholm,,,2020-05-31,12149.0,2055.0
Sweden,Stockholm,,,2020-06-01,12208.0,2058.0
Sweden,Stockholm,,,2020-06-02,12333.0,2081.0
Sweden,Stockholm,,,2020-06-03,13877.0,2099.0
Sweden,Stockholm,,,2020-06-04,14108.0,2103.0
Sweden,Stockholm,,,2020-06-05,14366.0,2136.0
Sweden,Stockholm,,,2020-06-06,14571.0,2137.0
Sweden,Stockholm,,,2020-06-07,14745.0,2138.0
Sweden,Södermanland,,,2020-03-16,17.0,0.0
Sweden,Södermanland,,,2020-03-17,33.0,0.0
Sweden,Södermanland,,,2020-03-18,37.0,0.0
Sweden,Södermanland,,,2020-03-19,38.0,0.0
Sweden,Södermanland,,,2020-03-20,43.0,0.0
Sweden,Södermanland,,,2020-03-21,47.0,0.0
Sweden,Södermanland,,,2020-03-22,53.0,0.0
Sweden,Södermanland,,,2020-03-23,64.0,0.0
Sweden,Södermanland,,,2020-03-24,66.0,0.0
Sweden,Södermanland,,,2020-03-25,85.0,0.0
Sweden,Södermanland,,,2020-03-26,114.0,0.0
Sweden,Södermanland,,,2020-03-27,126.0,9.0
Sweden,Södermanland,,,2020-03-28,159.0,11.0
Sweden,Södermanland,,,2020-03-29,160.0,11.0
Sweden,Södermanland,,,2020-03-30,203.0,12.0
Sweden,Södermanland,,,2020-03-31,239.0,18.0
Sweden,Södermanland,,,2020-04-01,276.0,24.0
Sweden,Södermanland,,,2020-04-02,335.0,27.0
Sweden,Södermanland,,,2020-04-03,398.0,35.0
Sweden,Södermanland,,,2020-04-04,412.0,45.0
Sweden,Södermanland,,,2020-04-05,424.0,45.0
Sweden,Södermanland,,,2020-04-06,452.0,50.0
Sweden,Södermanland,,,2020-04-07,478.0,64.0
Sweden,Södermanland,,,2020-04-08,539.0,68.0
Sweden,Södermanland,,,2020-04-09,568.0,78.0
Sweden,Södermanland,,,2020-04-10,597.0,82.0
Sweden,Södermanland,,,2020-04-11,639.0,83.0
Sweden,Södermanland,,,2020-04-12,661.0,83.0
Sweden,Södermanland,,,2020-04-13,668.0,83.0
Sweden,Södermanland,,,2020-04-14,694.0,91.0
Sweden,Södermanland,,,2020-04-15,711.0,113.0
Sweden,Södermanland,,,2020-04-16,777.0,116.0
Sweden,Södermanland,,,2020-04-17,831.0,118.0
Sweden,Södermanland,,,2020-04-18,854.0,125.0
Sweden,Södermanland,,,2020-04-19,872.0,125.0
Sweden,Södermanland,,,2020-04-20,884.0,128.0
Sweden,Södermanland,,,2020-04-21,898.0,136.0
Sweden,Södermanland,,,2020-04-22,944.0,147.0
Sweden,Södermanland,,,2020-04-23,1004.0,150.0
Sweden,Södermanland,,,2020-04-24,1057.0,153.0
Sweden,Södermanland,,,2020-04-25,1081.0,153.0
Sweden,Södermanland,,,2020-04-26,1089.0,153.0
Sweden,Södermanland,,,2020-04-27,1092.0,158.0
Sweden,Södermanland,,,2020-04-28,1107.0,158.0
Sweden,Södermanland,,,2020-04-29,1176.0,162.0
Sweden,Södermanland,,,2020-04-30,1215.0,165.0
Sweden,Södermanland,,,2020-05-01,1222.0,171.0
Sweden,Södermanland,,,2020-05-02,1277.0,171.0
Sweden,Södermanland,,,2020-05-03,1280.0,171.0
Sweden,Södermanland,,,2020-05-04,1285.0,176.0
Sweden,Södermanland,,,2020-05-05,1314.0,177.0
Sweden,Södermanland,,,2020-05-06,1347.0,179.0
Sweden,Södermanland,,,2020-05-07,1372.0,181.0
Sweden,Södermanland,,,2020-05-08,1381.0,184.0
Sweden,Södermanland,,,2020-05-09,1403.0,188.0
Sweden,Södermanland,,,2020-05-10,1409.0,188.0
Sweden,Södermanland,,,2020-05-11,1412.0,188.0
Sweden,Södermanland,,,2020-05-12,1425.0,194.0
Sweden,Södermanland,,,2020-05-13,1462.0,194.0
Sweden,Södermanland,,,2020-05-14,1474.0,194.0
Sweden,Södermanland,,,2020-05-15,1479.0,200.0
Sweden,Södermanland,,,2020-05-16,1494.0,200.0
Sweden,Södermanland,,,2020-05-17,1501.0,200.0
Sweden,Södermanland,,,2020-05-18,1501.0,200.0
Sweden,Södermanland,,,2020-05-19,1507.0,204.0
Sweden,Södermanland,,,2020-05-20,1544.0,207.0
Sweden,Södermanland,,,2020-05-21,1547.0,210.0
Sweden,Södermanland,,,2020-05-22,1563.0,210.0
Sweden,Södermanland,,,2020-05-23,1563.0,210.0
Sweden,Södermanland,,,2020-05-24,1563.0,210.0
Sweden,Södermanland,,,2020-05-25,1565.0,212.0
Sweden,Södermanland,,,2020-05-26,1591.0,220.0
Sweden,Södermanland,,,2020-05-27,1592.0,220.0
Sweden,Södermanland,,,2020-05-28,1612.0,221.0
Sweden,Södermanland,,,2020-05-29,1620.0,223.0
Sweden,Södermanland,,,2020-05-30,1623.0,224.0
Sweden,Södermanland,,,2020-05-31,1625.0,224.0
Sweden,Södermanland,,,2020-06-01,1634.0,224.0
Sweden,Södermanland,,,2020-06-02,1639.0,224.0
Sweden,Södermanland,,,2020-06-03,1641.0,225.0
Sweden,Södermanland,,,2020-06-04,1643.0,225.0
Sweden,Södermanland,,,2020-06-05,1655.0,228.0
Sweden,Södermanland,,,2020-06-06,1657.0,228.0
Sweden,Södermanland,,,2020-06-07,1658.0,228.0
Sweden,Uppsala,,,2020-03-16,38.0,0.0
Sweden,Uppsala,,,2020-03-17,43.0,0.0
Sweden,Uppsala,,,2020-03-18,52.0,0.0
Sweden,Uppsala,,,2020-03-19,67.0,0.0
Sweden,Uppsala,,,2020-03-20,73.0,0.0
Sweden,Uppsala,,,2020-03-21,74.0,0.0
Sweden,Uppsala,,,2020-03-22,77.0,0.0
Sweden,Uppsala,,,2020-03-23,82.0,0.0
Sweden,Uppsala,,,2020-03-24,93.0,0.0
Sweden,Uppsala,,,2020-03-25,102.0,0.0
Sweden,Uppsala,,,2020-03-26,117.0,0.0
Sweden,Uppsala,,,2020-03-27,129.0,3.0
Sweden,Uppsala,,,2020-03-28,149.0,3.0
Sweden,Uppsala,,,2020-03-29,156.0,3.0
Sweden,Uppsala,,,2020-03-30,160.0,3.0
Sweden,Uppsala,,,2020-03-31,183.0,6.0
Sweden,Uppsala,,,2020-04-01,194.0,7.0
Sweden,Uppsala,,,2020-04-02,222.0,7.0
Sweden,Uppsala,,,2020-04-03,247.0,9.0
Sweden,Uppsala,,,2020-04-04,274.0,9.0
Sweden,Uppsala,,,2020-04-05,293.0,9.0
Sweden,Uppsala,,,2020-04-06,308.0,9.0
Sweden,Uppsala,,,2020-04-07,332.0,10.0
Sweden,Uppsala,,,2020-04-08,378.0,10.0
Sweden,Uppsala,,,2020-04-09,412.0,14.0
Sweden,Uppsala,,,2020-04-10,431.0,30.0
Sweden,Uppsala,,,2020-04-11,437.0,30.0
Sweden,Uppsala,,,2020-04-12,449.0,30.0
Sweden,Uppsala,,,2020-04-13,465.0,30.0
Sweden,Uppsala,,,2020-04-14,478.0,31.0
Sweden,Uppsala,,,2020-04-15,517.0,35.0
Sweden,Uppsala,,,2020-04-16,549.0,35.0
Sweden,Uppsala,,,2020-04-17,579.0,41.0
Sweden,Uppsala,,,2020-04-18,624.0,41.0
Sweden,Uppsala,,,2020-04-19,649.0,41.0
Sweden,Uppsala,,,2020-04-20,667.0,41.0
Sweden,Uppsala,,,2020-04-21,701.0,64.0
Sweden,Uppsala,,,2020-04-22,734.0,64.0
Sweden,Uppsala,,,2020-04-23,767.0,66.0
Sweden,Uppsala,,,2020-04-24,802.0,69.0
Sweden,Uppsala,,,2020-04-25,862.0,70.0
Sweden,Uppsala,,,2020-04-26,875.0,70.0
Sweden,Uppsala,,,2020-04-27,882.0,84.0
Sweden,Uppsala,,,2020-04-28,914.0,86.0
Sweden,Uppsala,,,2020-04-29,966.0,94.0
Sweden,Uppsala,,,2020-04-30,988.0,94.0
Sweden,Uppsala,,,2020-05-01,1012.0,94.0
Sweden,Uppsala,,,2020-05-02,1045.0,94.0
Sweden,Uppsala,,,2020-05-03,1057.0,94.0
Sweden,Uppsala,,,2020-05-04,1068.0,107.0
Sweden,Uppsala,,,2020-05-05,1089.0,108.0
Sweden,Uppsala,,,2020-05-06,1146.0,111.0
Sweden,Uppsala,,,2020-05-07,1179.0,119.0
Sweden,Uppsala,,,2020-05-08,1220.0,120.0
Sweden,Uppsala,,,2020-05-09,1241.0,120.0
Sweden,Uppsala,,,2020-05-10,1287.0,120.0
Sweden,Uppsala,,,2020-05-11,1309.0,120.0
Sweden,Uppsala,,,2020-05-12,1334.0,130.0
Sweden,Uppsala,,,2020-05-13,1367.0,134.0
Sweden,Uppsala,,,2020-05-14,1395.0,134.0
Sweden,Uppsala,,,2020-05-15,1430.0,134.0
Sweden,Uppsala,,,2020-05-16,1452.0,142.0
Sweden,Uppsala,,,2020-05-17,1490.0,142.0
Sweden,Uppsala,,,2020-05-18,1494.0,142.0
Sweden,Uppsala,,,2020-05-19,1528.0,142.0
Sweden,Uppsala,,,2020-05-20,1551.0,153.0
Sweden,Uppsala,,,2020-05-21,1623.0,153.0
Sweden,Uppsala,,,2020-05-22,1632.0,153.0
Sweden,Uppsala,,,2020-05-23,1656.0,153.0
Sweden,Uppsala,,,2020-05-24,1662.0,153.0
Sweden,Uppsala,,,2020-05-25,1685.0,158.0
Sweden,Uppsala,,,2020-05-26,1722.0,164.0
Sweden,Uppsala,,,2020-05-27,1769.0,165.0
Sweden,Uppsala,,,2020-05-28,1803.0,167.0
Sweden,Uppsala,,,2020-05-29,1843.0,169.0
Sweden,Uppsala,,,2020-05-30,1883.0,169.0
Sweden,Uppsala,,,2020-05-31,1921.0,169.0
Sweden,Uppsala,,,2020-06-01,1929.0,169.0
Sweden,Uppsala,,,2020-06-02,1968.0,182.0
Sweden,Uppsala,,,2020-06-03,2029.0,182.0
Sweden,Uppsala,,,2020-06-04,2077.0,182.0
Sweden,Uppsala,,,2020-06-05,2136.0,184.0
Sweden,Uppsala,,,2020-06-06,2171.0,184.0
Sweden,Uppsala,,,2020-06-07,2221.0,184.0
Sweden,Värmland,,,2020-03-16,31.0,0.0
Sweden,Värmland,,,2020-03-17,34.0,0.0
Sweden,Värmland,,,2020-03-18,34.0,0.0
Sweden,Värmland,,,2020-03-19,36.0,0.0
Sweden,Värmland,,,2020-03-20,36.0,0.0
Sweden,Värmland,,,2020-03-21,37.0,0.0
Sweden,Värmland,,,2020-03-22,39.0,0.0
Sweden,Värmland,,,2020-03-23,39.0,0.0
Sweden,Värmland,,,2020-03-24,42.0,0.0
Sweden,Värmland,,,2020-03-25,45.0,0.0
Sweden,Värmland,,,2020-03-26,45.0,0.0
Sweden,Värmland,,,2020-03-27,45.0,1.0
Sweden,Värmland,,,2020-03-28,46.0,1.0
Sweden,Värmland,,,2020-03-29,48.0,1.0
Sweden,Värmland,,,2020-03-30,49.0,1.0
Sweden,Värmland,,,2020-03-31,50.0,1.0
Sweden,Värmland,,,2020-04-01,50.0,1.0
Sweden,Värmland,,,2020-04-02,52.0,1.0
Sweden,Värmland,,,2020-04-03,53.0,1.0
Sweden,Värmland,,,2020-04-04,53.0,1.0
Sweden,Värmland,,,2020-04-05,55.0,1.0
Sweden,Värmland,,,2020-04-06,57.0,1.0
Sweden,Värmland,,,2020-04-07,58.0,1.0
Sweden,Värmland,,,2020-04-08,65.0,1.0
Sweden,Värmland,,,2020-04-09,66.0,1.0
Sweden,Värmland,,,2020-04-10,70.0,1.0
Sweden,Värmland,,,2020-04-11,73.0,1.0
Sweden,Värmland,,,2020-04-12,75.0,1.0
Sweden,Värmland,,,2020-04-13,77.0,1.0
Sweden,Värmland,,,2020-04-14,82.0,1.0
Sweden,Värmland,,,2020-04-15,84.0,3.0
Sweden,Värmland,,,2020-04-16,90.0,3.0
Sweden,Värmland,,,2020-04-17,94.0,3.0
Sweden,Värmland,,,2020-04-18,97.0,3.0
Sweden,Värmland,,,2020-04-19,100.0,3.0
Sweden,Värmland,,,2020-04-20,105.0,3.0
Sweden,Värmland,,,2020-04-21,111.0,4.0
Sweden,Värmland,,,2020-04-22,117.0,5.0
Sweden,Värmland,,,2020-04-23,124.0,5.0
Sweden,Värmland,,,2020-04-24,126.0,5.0
Sweden,Värmland,,,2020-04-25,130.0,5.0
Sweden,Värmland,,,2020-04-26,135.0,5.0
Sweden,Värmland,,,2020-04-27,136.0,8.0
Sweden,Värmland,,,2020-04-28,147.0,8.0
Sweden,Värmland,,,2020-04-29,168.0,8.0
Sweden,Värmland,,,2020-04-30,179.0,10.0
Sweden,Värmland,,,2020-05-01,184.0,10.0
Sweden,Värmland,,,2020-05-02,198.0,10.0
Sweden,Värmland,,,2020-05-03,198.0,10.0
Sweden,Värmland,,,2020-05-04,207.0,15.0
Sweden,Värmland,,,2020-05-05,220.0,15.0
Sweden,Värmland,,,2020-05-06,240.0,16.0
Sweden,Värmland,,,2020-05-07,250.0,17.0
Sweden,Värmland,,,2020-05-08,253.0,17.0
Sweden,Värmland,,,2020-05-09,263.0,17.0
Sweden,Värmland,,,2020-05-10,268.0,17.0
Sweden,Värmland,,,2020-05-11,271.0,21.0
Sweden,Värmland,,,2020-05-12,284.0,22.0
Sweden,Värmland,,,2020-05-13,290.0,22.0
Sweden,Värmland,,,2020-05-14,295.0,23.0
Sweden,Värmland,,,2020-05-15,309.0,23.0
Sweden,Värmland,,,2020-05-16,322.0,23.0
Sweden,Värmland,,,2020-05-17,324.0,23.0
Sweden,Värmland,,,2020-05-18,324.0,24.0
Sweden,Värmland,,,2020-05-19,335.0,24.0
Sweden,Värmland,,,2020-05-20,356.0,26.0
Sweden,Värmland,,,2020-05-21,371.0,26.0
Sweden,Värmland,,,2020-05-22,383.0,26.0
Sweden,Värmland,,,2020-05-23,395.0,27.0
Sweden,Värmland,,,2020-05-24,403.0,27.0
Sweden,Värmland,,,2020-05-25,407.0,28.0
Sweden,Värmland,,,2020-05-26,419.0,28.0
Sweden,Värmland,,,2020-05-27,449.0,29.0
Sweden,Värmland,,,2020-05-28,459.0,29.0
Sweden,Värmland,,,2020-05-29,497.0,31.0
Sweden,Värmland,,,2020-05-30,522.0,31.0
Sweden,Värmland,,,2020-05-31,531.0,31.0
Sweden,Värmland,,,2020-06-01,532.0,32.0
Sweden,Värmland,,,2020-06-02,549.0,33.0
Sweden,Värmland,,,2020-06-03,564.0,35.0
Sweden,Värmland,,,2020-06-04,582.0,36.0
Sweden,Värmland,,,2020-06-05,599.0,37.0
Sweden,Värmland,,,2020-06-06,606.0,37.0
Sweden,Värmland,,,2020-06-07,633.0,37.0
Sweden,Västerbotten,,,2020-03-16,13.0,0.0
Sweden,Västerbotten,,,2020-03-17,18.0,0.0
Sweden,Västerbotten,,,2020-03-18,19.0,0.0
Sweden,Västerbotten,,,2020-03-19,23.0,0.0
Sweden,Västerbotten,,,2020-03-20,27.0,0.0
Sweden,Västerbotten,,,2020-03-21,29.0,0.0
Sweden,Västerbotten,,,2020-03-22,29.0,0.0
Sweden,Västerbotten,,,2020-03-23,30.0,0.0
Sweden,Västerbotten,,,2020-03-24,30.0,0.0
Sweden,Västerbotten,,,2020-03-25,33.0,0.0
Sweden,Västerbotten,,,2020-03-26,37.0,0.0
Sweden,Västerbotten,,,2020-03-27,40.0,0.0
Sweden,Västerbotten,,,2020-03-28,42.0,0.0
Sweden,Västerbotten,,,2020-03-29,47.0,0.0
Sweden,Västerbotten,,,2020-03-30,48.0,0.0
Sweden,Västerbotten,,,2020-03-31,55.0,0.0
Sweden,Västerbotten,,,2020-04-01,63.0,0.0
Sweden,Västerbotten,,,2020-04-02,68.0,0.0
Sweden,Västerbotten,,,2020-04-03,80.0,0.0
Sweden,Västerbotten,,,2020-04-04,97.0,0.0
Sweden,Västerbotten,,,2020-04-05,114.0,0.0
Sweden,Västerbotten,,,2020-04-06,123.0,0.0
Sweden,Västerbotten,,,2020-04-07,128.0,1.0
Sweden,Västerbotten,,,2020-04-08,142.0,1.0
Sweden,Västerbotten,,,2020-04-09,154.0,1.0
Sweden,Västerbotten,,,2020-04-10,166.0,5.0
Sweden,Västerbotten,,,2020-04-11,181.0,5.0
Sweden,Västerbotten,,,2020-04-12,183.0,5.0
Sweden,Västerbotten,,,2020-04-13,183.0,7.0
Sweden,Västerbotten,,,2020-04-14,187.0,7.0
Sweden,Västerbotten,,,2020-04-15,192.0,8.0
Sweden,Västerbotten,,,2020-04-16,206.0,8.0
Sweden,Västerbotten,,,2020-04-17,220.0,10.0
Sweden,Västerbotten,,,2020-04-18,230.0,10.0
Sweden,Västerbotten,,,2020-04-19,238.0,10.0
Sweden,Västerbotten,,,2020-04-20,241.0,10.0
Sweden,Västerbotten,,,2020-04-21,244.0,11.0
Sweden,Västerbotten,,,2020-04-22,249.0,11.0
Sweden,Västerbotten,,,2020-04-23,254.0,12.0
Sweden,Västerbotten,,,2020-04-24,273.0,13.0
Sweden,Västerbotten,,,2020-04-25,282.0,13.0
Sweden,Västerbotten,,,2020-04-26,292.0,13.0
Sweden,Västerbotten,,,2020-04-27,293.0,14.0
Sweden,Västerbotten,,,2020-04-28,299.0,14.0
Sweden,Västerbotten,,,2020-04-29,303.0,15.0
Sweden,Västerbotten,,,2020-04-30,322.0,15.0
Sweden,Västerbotten,,,2020-05-01,326.0,15.0
Sweden,Västerbotten,,,2020-05-02,327.0,15.0
Sweden,Västerbotten,,,2020-05-03,330.0,15.0
Sweden,Västerbotten,,,2020-05-04,330.0,16.0
Sweden,Västerbotten,,,2020-05-05,332.0,16.0
Sweden,Västerbotten,,,2020-05-06,336.0,17.0
Sweden,Västerbotten,,,2020-05-07,343.0,17.0
Sweden,Västerbotten,,,2020-05-08,350.0,17.0
Sweden,Västerbotten,,,2020-05-09,357.0,17.0
Sweden,Västerbotten,,,2020-05-10,357.0,17.0
Sweden,Västerbotten,,,2020-05-11,365.0,17.0
Sweden,Västerbotten,,,2020-05-12,366.0,17.0
Sweden,Västerbotten,,,2020-05-13,377.0,18.0
Sweden,Västerbotten,,,2020-05-14,391.0,18.0
Sweden,Västerbotten,,,2020-05-15,401.0,18.0
Sweden,Västerbotten,,,2020-05-16,412.0,18.0
Sweden,Västerbotten,,,2020-05-17,417.0,19.0
Sweden,Västerbotten,,,2020-05-18,419.0,19.0
Sweden,Västerbotten,,,2020-05-19,422.0,19.0
Sweden,Västerbotten,,,2020-05-20,437.0,21.0
Sweden,Västerbotten,,,2020-05-21,442.0,21.0
Sweden,Västerbotten,,,2020-05-22,455.0,23.0
Sweden,Västerbotten,,,2020-05-23,458.0,23.0
Sweden,Västerbotten,,,2020-05-24,464.0,23.0
Sweden,Västerbotten,,,2020-05-25,467.0,23.0
Sweden,Västerbotten,,,2020-05-26,467.0,24.0
Sweden,Västerbotten,,,2020-05-27,467.0,25.0
Sweden,Västerbotten,,,2020-05-28,482.0,26.0
Sweden,Västerbotten,,,2020-05-29,484.0,26.0
Sweden,Västerbotten,,,2020-05-30,490.0,26.0
Sweden,Västerbotten,,,2020-05-31,498.0,26.0
Sweden,Västerbotten,,,2020-06-01,500.0,26.0
Sweden,Västerbotten,,,2020-06-02,500.0,26.0
Sweden,Västerbotten,,,2020-06-03,508.0,27.0
Sweden,Västerbotten,,,2020-06-04,513.0,27.0
Sweden,Västerbotten,,,2020-06-05,518.0,28.0
Sweden,Västerbotten,,,2020-06-06,523.0,28.0
Sweden,Västerbotten,,,2020-06-07,532.0,28.0
Sweden,Västernorrland,,,2020-03-16,12.0,0.0
Sweden,Västernorrland,,,2020-03-17,12.0,0.0
Sweden,Västernorrland,,,2020-03-18,13.0,0.0
Sweden,Västernorrland,,,2020-03-19,14.0,0.0
Sweden,Västernorrland,,,2020-03-20,15.0,0.0
Sweden,Västernorrland,,,2020-03-21,15.0,0.0
Sweden,Västernorrland,,,2020-03-22,15.0,0.0
Sweden,Västernorrland,,,2020-03-23,15.0,0.0
Sweden,Västernorrland,,,2020-03-24,17.0,0.0
Sweden,Västernorrland,,,2020-03-25,19.0,0.0
Sweden,Västernorrland,,,2020-03-26,21.0,0.0
Sweden,Västernorrland,,,2020-03-27,25.0,0.0
Sweden,Västernorrland,,,2020-03-28,25.0,0.0
Sweden,Västernorrland,,,2020-03-29,27.0,0.0
Sweden,Västernorrland,,,2020-03-30,31.0,0.0
Sweden,Västernorrland,,,2020-03-31,46.0,0.0
Sweden,Västernorrland,,,2020-04-01,55.0,1.0
Sweden,Västernorrland,,,2020-04-02,57.0,2.0
Sweden,Västernorrland,,,2020-04-03,58.0,2.0
Sweden,Västernorrland,,,2020-04-04,61.0,2.0
Sweden,Västernorrland,,,2020-04-05,66.0,2.0
Sweden,Västernorrland,,,2020-04-06,68.0,2.0
Sweden,Västernorrland,,,2020-04-07,78.0,2.0
Sweden,Västernorrland,,,2020-04-08,83.0,5.0
Sweden,Västernorrland,,,2020-04-09,90.0,6.0
Sweden,Västernorrland,,,2020-04-10,92.0,6.0
Sweden,Västernorrland,,,2020-04-11,100.0,7.0
Sweden,Västernorrland,,,2020-04-12,100.0,8.0
Sweden,Västernorrland,,,2020-04-13,105.0,8.0
Sweden,Västernorrland,,,2020-04-14,111.0,9.0
Sweden,Västernorrland,,,2020-04-15,117.0,13.0
Sweden,Västernorrland,,,2020-04-16,121.0,13.0
Sweden,Västernorrland,,,2020-04-17,124.0,15.0
Sweden,Västernorrland,,,2020-04-18,129.0,15.0
Sweden,Västernorrland,,,2020-04-19,131.0,15.0
Sweden,Västernorrland,,,2020-04-20,139.0,17.0
Sweden,Västernorrland,,,2020-04-21,141.0,21.0
Sweden,Västernorrland,,,2020-04-22,153.0,23.0
Sweden,Västernorrland,,,2020-04-23,158.0,23.0
Sweden,Västernorrland,,,2020-04-24,175.0,26.0
Sweden,Västernorrland,,,2020-04-25,190.0,27.0
Sweden,Västernorrland,,,2020-04-26,195.0,27.0
Sweden,Västernorrland,,,2020-04-27,210.0,34.0
Sweden,Västernorrland,,,2020-04-28,220.0,36.0
Sweden,Västernorrland,,,2020-04-29,228.0,37.0
Sweden,Västernorrland,,,2020-04-30,235.0,38.0
Sweden,Västernorrland,,,2020-05-01,252.0,41.0
Sweden,Västernorrland,,,2020-05-02,261.0,42.0
Sweden,Västernorrland,,,2020-05-03,266.0,43.0
Sweden,Västernorrland,,,2020-05-04,276.0,44.0
Sweden,Västernorrland,,,2020-05-05,278.0,45.0
Sweden,Västernorrland,,,2020-05-06,283.0,46.0
Sweden,Västernorrland,,,2020-05-07,299.0,47.0
Sweden,Västernorrland,,,2020-05-08,326.0,48.0
Sweden,Västernorrland,,,2020-05-09,334.0,49.0
Sweden,Västernorrland,,,2020-05-10,337.0,51.0
Sweden,Västernorrland,,,2020-05-11,351.0,52.0
Sweden,Västernorrland,,,2020-05-12,355.0,59.0
Sweden,Västernorrland,,,2020-05-13,374.0,59.0
Sweden,Västernorrland,,,2020-05-14,389.0,60.0
Sweden,Västernorrland,,,2020-05-15,405.0,61.0
Sweden,Västernorrland,,,2020-05-16,428.0,61.0
Sweden,Västernorrland,,,2020-05-17,446.0,61.0
Sweden,Västernorrland,,,2020-05-18,452.0,61.0
Sweden,Västernorrland,,,2020-05-19,456.0,64.0
Sweden,Västernorrland,,,2020-05-20,497.0,66.0
Sweden,Västernorrland,,,2020-05-21,521.0,67.0
Sweden,Västernorrland,,,2020-05-22,550.0,67.0
Sweden,Västernorrland,,,2020-05-23,559.0,69.0
Sweden,Västernorrland,,,2020-05-24,572.0,71.0
Sweden,Västernorrland,,,2020-05-25,593.0,73.0
Sweden,Västernorrland,,,2020-05-26,603.0,75.0
Sweden,Västernorrland,,,2020-05-27,640.0,77.0
Sweden,Västernorrland,,,2020-05-28,673.0,81.0
Sweden,Västernorrland,,,2020-05-29,701.0,84.0
Sweden,Västernorrland,,,2020-05-30,722.0,84.0
Sweden,Västernorrland,,,2020-05-31,723.0,84.0
Sweden,Västernorrland,,,2020-06-01,728.0,84.0
Sweden,Västernorrland,,,2020-06-02,758.0,86.0
Sweden,Västernorrland,,,2020-06-03,785.0,88.0
Sweden,Västernorrland,,,2020-06-04,806.0,88.0
Sweden,Västernorrland,,,2020-06-05,835.0,88.0
Sweden,Västernorrland,,,2020-06-06,853.0,88.0
Sweden,Västernorrland,,,2020-06-07,860.0,89.0
Sweden,Västmanland,,,2020-03-16,5.0,0.0
Sweden,Västmanland,,,2020-03-17,16.0,0.0
Sweden,Västmanland,,,2020-03-18,18.0,0.0
Sweden,Västmanland,,,2020-03-19,18.0,0.0
Sweden,Västmanland,,,2020-03-20,19.0,0.0
Sweden,Västmanland,,,2020-03-21,21.0,0.0
Sweden,Västmanland,,,2020-03-22,21.0,0.0
Sweden,Västmanland,,,2020-03-23,23.0,0.0
Sweden,Västmanland,,,2020-03-24,24.0,0.0
Sweden,Västmanland,,,2020-03-25,29.0,0.0
Sweden,Västmanland,,,2020-03-26,31.0,0.0
Sweden,Västmanland,,,2020-03-27,38.0,0.0
Sweden,Västmanland,,,2020-03-28,46.0,0.0
Sweden,Västmanland,,,2020-03-29,47.0,0.0
Sweden,Västmanland,,,2020-03-30,70.0,2.0
Sweden,Västmanland,,,2020-03-31,79.0,2.0
Sweden,Västmanland,,,2020-04-01,88.0,2.0
Sweden,Västmanland,,,2020-04-02,109.0,2.0
Sweden,Västmanland,,,2020-04-03,134.0,4.0
Sweden,Västmanland,,,2020-04-04,139.0,4.0
Sweden,Västmanland,,,2020-04-05,140.0,4.0
Sweden,Västmanland,,,2020-04-06,178.0,5.0
Sweden,Västmanland,,,2020-04-07,222.0,7.0
Sweden,Västmanland,,,2020-04-08,236.0,15.0
Sweden,Västmanland,,,2020-04-09,268.0,15.0
Sweden,Västmanland,,,2020-04-10,273.0,16.0
Sweden,Västmanland,,,2020-04-11,298.0,16.0
Sweden,Västmanland,,,2020-04-12,304.0,16.0
Sweden,Västmanland,,,2020-04-13,346.0,16.0
Sweden,Västmanland,,,2020-04-14,379.0,17.0
Sweden,Västmanland,,,2020-04-15,404.0,23.0
Sweden,Västmanland,,,2020-04-16,430.0,26.0
Sweden,Västmanland,,,2020-04-17,450.0,27.0
Sweden,Västmanland,,,2020-04-18,467.0,29.0
Sweden,Västmanland,,,2020-04-19,484.0,30.0
Sweden,Västmanland,,,2020-04-20,528.0,30.0
Sweden,Västmanland,,,2020-04-21,573.0,36.0
Sweden,Västmanland,,,2020-04-22,581.0,64.0
Sweden,Västmanland,,,2020-04-23,610.0,65.0
Sweden,Västmanland,,,2020-04-24,625.0,77.0
Sweden,Västmanland,,,2020-04-25,660.0,78.0
Sweden,Västmanland,,,2020-04-26,660.0,78.0
Sweden,Västmanland,,,2020-04-27,702.0,78.0
Sweden,Västmanland,,,2020-04-28,723.0,78.0
Sweden,Västmanland,,,2020-04-29,744.0,86.0
Sweden,Västmanland,,,2020-04-30,766.0,89.0
Sweden,Västmanland,,,2020-05-01,768.0,89.0
Sweden,Västmanland,,,2020-05-02,788.0,89.0
Sweden,Västmanland,,,2020-05-03,789.0,89.0
Sweden,Västmanland,,,2020-05-04,809.0,95.0
Sweden,Västmanland,,,2020-05-05,820.0,96.0
Sweden,Västmanland,,,2020-05-06,845.0,99.0
Sweden,Västmanland,,,2020-05-07,865.0,99.0
Sweden,Västmanland,,,2020-05-08,881.0,99.0
Sweden,Västmanland,,,2020-05-09,887.0,103.0
Sweden,Västmanland,,,2020-05-10,887.0,103.0
Sweden,Västmanland,,,2020-05-11,918.0,103.0
Sweden,Västmanland,,,2020-05-12,928.0,104.0
Sweden,Västmanland,,,2020-05-13,956.0,115.0
Sweden,Västmanland,,,2020-05-14,978.0,115.0
Sweden,Västmanland,,,2020-05-15,996.0,123.0
Sweden,Västmanland,,,2020-05-16,1001.0,123.0
Sweden,Västmanland,,,2020-05-17,1001.0,123.0
Sweden,Västmanland,,,2020-05-18,1003.0,123.0
Sweden,Västmanland,,,2020-05-19,1042.0,123.0
Sweden,Västmanland,,,2020-05-20,1068.0,125.0
Sweden,Västmanland,,,2020-05-21,1083.0,125.0
Sweden,Västmanland,,,2020-05-22,1107.0,125.0
Sweden,Västmanland,,,2020-05-23,1118.0,126.0
Sweden,Västmanland,,,2020-05-24,1118.0,126.0
Sweden,Västmanland,,,2020-05-25,1137.0,129.0
Sweden,Västmanland,,,2020-05-26,1163.0,131.0
Sweden,Västmanland,,,2020-05-27,1196.0,135.0
Sweden,Västmanland,,,2020-05-28,1231.0,135.0
Sweden,Västmanland,,,2020-05-29,1255.0,135.0
Sweden,Västmanland,,,2020-05-30,1264.0,135.0
Sweden,Västmanland,,,2020-05-31,1264.0,135.0
Sweden,Västmanland,,,2020-06-01,1273.0,135.0
Sweden,Västmanland,,,2020-06-02,1332.0,136.0
Sweden,Västmanland,,,2020-06-03,1367.0,139.0
Sweden,Västmanland,,,2020-06-04,1401.0,139.0
Sweden,Västmanland,,,2020-06-05,1434.0,148.0
Sweden,Västmanland,,,2020-06-06,1436.0,148.0
Sweden,Västmanland,,,2020-06-07,1436.0,148.0
Sweden,Västra Götaland,,,2020-03-16,176.0,0.0
Sweden,Västra Götaland,,,2020-03-17,179.0,0.0
Sweden,Västra Götaland,,,2020-03-18,199.0,0.0
Sweden,Västra Götaland,,,2020-03-19,207.0,0.0
Sweden,Västra Götaland,,,2020-03-20,228.0,0.0
Sweden,Västra Götaland,,,2020-03-21,242.0,0.0
Sweden,Västra Götaland,,,2020-03-22,250.0,0.0
Sweden,Västra Götaland,,,2020-03-23,254.0,0.0
Sweden,Västra Götaland,,,2020-03-24,265.0,0.0
Sweden,Västra Götaland,,,2020-03-25,275.0,0.0
Sweden,Västra Götaland,,,2020-03-26,297.0,0.0
Sweden,Västra Götaland,,,2020-03-27,317.0,4.0
Sweden,Västra Götaland,,,2020-03-28,330.0,4.0
Sweden,Västra Götaland,,,2020-03-29,351.0,4.0
Sweden,Västra Götaland,,,2020-03-30,372.0,4.0
Sweden,Västra Götaland,,,2020-03-31,399.0,6.0
Sweden,Västra Götaland,,,2020-04-01,427.0,6.0
Sweden,Västra Götaland,,,2020-04-02,457.0,9.0
Sweden,Västra Götaland,,,2020-04-03,509.0,14.0
Sweden,Västra Götaland,,,2020-04-04,537.0,18.0
Sweden,Västra Götaland,,,2020-04-05,561.0,18.0
Sweden,Västra Götaland,,,2020-04-06,605.0,21.0
Sweden,Västra Götaland,,,2020-04-07,674.0,26.0
Sweden,Västra Götaland,,,2020-04-08,730.0,33.0
Sweden,Västra Götaland,,,2020-04-09,827.0,39.0
Sweden,Västra Götaland,,,2020-04-10,902.0,49.0
Sweden,Västra Götaland,,,2020-04-11,982.0,49.0
Sweden,Västra Götaland,,,2020-04-12,1018.0,50.0
Sweden,Västra Götaland,,,2020-04-13,1064.0,51.0
Sweden,Västra Götaland,,,2020-04-14,1106.0,54.0
Sweden,Västra Götaland,,,2020-04-15,1171.0,60.0
Sweden,Västra Götaland,,,2020-04-16,1242.0,67.0
Sweden,Västra Götaland,,,2020-04-17,1316.0,75.0
Sweden,Västra Götaland,,,2020-04-18,1405.0,80.0
Sweden,Västra Götaland,,,2020-04-19,1442.0,81.0
Sweden,Västra Götaland,,,2020-04-20,1478.0,83.0
Sweden,Västra Götaland,,,2020-04-21,1557.0,103.0
Sweden,Västra Götaland,,,2020-04-22,1667.0,131.0
Sweden,Västra Götaland,,,2020-04-23,1745.0,134.0
Sweden,Västra Götaland,,,2020-04-24,1886.0,149.0
Sweden,Västra Götaland,,,2020-04-25,1965.0,161.0
Sweden,Västra Götaland,,,2020-04-26,2058.0,162.0
Sweden,Västra Götaland,,,2020-04-27,2101.0,164.0
Sweden,Västra Götaland,,,2020-04-28,2212.0,176.0
Sweden,Västra Götaland,,,2020-04-29,2291.0,192.0
Sweden,Västra Götaland,,,2020-04-30,2459.0,209.0
Sweden,Västra Götaland,,,2020-05-01,2512.0,224.0
Sweden,Västra Götaland,,,2020-05-02,2636.0,224.0
Sweden,Västra Götaland,,,2020-05-03,2661.0,224.0
Sweden,Västra Götaland,,,2020-05-04,2720.0,227.0
Sweden,Västra Götaland,,,2020-05-05,2813.0,234.0
Sweden,Västra Götaland,,,2020-05-06,2971.0,246.0
Sweden,Västra Götaland,,,2020-05-07,3117.0,250.0
Sweden,Västra Götaland,,,2020-05-08,3254.0,292.0
Sweden,Västra Götaland,,,2020-05-09,3378.0,296.0
Sweden,Västra Götaland,,,2020-05-10,3473.0,296.0
Sweden,Västra Götaland,,,2020-05-11,3560.0,297.0
Sweden,Västra Götaland,,,2020-05-12,3679.0,304.0
Sweden,Västra Götaland,,,2020-05-13,3785.0,351.0
Sweden,Västra Götaland,,,2020-05-14,3910.0,354.0
Sweden,Västra Götaland,,,2020-05-15,4112.0,389.0
Sweden,Västra Götaland,,,2020-05-16,4201.0,385.0
Sweden,Västra Götaland,,,2020-05-17,4352.0,385.0
Sweden,Västra Götaland,,,2020-05-18,4390.0,387.0
Sweden,Västra Götaland,,,2020-05-19,4442.0,392.0
Sweden,Västra Götaland,,,2020-05-20,4619.0,426.0
Sweden,Västra Götaland,,,2020-05-21,4705.0,428.0
Sweden,Västra Götaland,,,2020-05-22,4931.0,470.0
Sweden,Västra Götaland,,,2020-05-23,5019.0,474.0
Sweden,Västra Götaland,,,2020-05-24,5050.0,474.0
Sweden,Västra Götaland,,,2020-05-25,5164.0,474.0
Sweden,Västra Götaland,,,2020-05-26,5267.0,477.0
Sweden,Västra Götaland,,,2020-05-27,5377.0,510.0
Sweden,Västra Götaland,,,2020-05-28,5480.0,511.0
Sweden,Västra Götaland,,,2020-05-29,5574.0,548.0
Sweden,Västra Götaland,,,2020-05-30,5772.0,550.0
Sweden,Västra Götaland,,,2020-05-31,5898.0,550.0
Sweden,Västra Götaland,,,2020-06-01,6021.0,551.0
Sweden,Västra Götaland,,,2020-06-02,6184.0,553.0
Sweden,Västra Götaland,,,2020-06-03,6414.0,579.0
Sweden,Västra Götaland,,,2020-06-04,6833.0,582.0
Sweden,Västra Götaland,,,2020-06-05,7218.0,600.0
Sweden,Västra Götaland,,,2020-06-06,7589.0,602.0
Sweden,Västra Götaland,,,2020-06-07,7973.0,602.0
Sweden,Örebro,,,2020-03-16,9.0,0.0
Sweden,Örebro,,,2020-03-17,12.0,0.0
Sweden,Örebro,,,2020-03-18,23.0,0.0
Sweden,Örebro,,,2020-03-19,27.0,0.0
Sweden,Örebro,,,2020-03-20,33.0,0.0
Sweden,Örebro,,,2020-03-21,41.0,0.0
Sweden,Örebro,,,2020-03-22,42.0,0.0
Sweden,Örebro,,,2020-03-23,42.0,0.0
Sweden,Örebro,,,2020-03-24,48.0,0.0
Sweden,Örebro,,,2020-03-25,58.0,0.0
Sweden,Örebro,,,2020-03-26,66.0,0.0
Sweden,Örebro,,,2020-03-27,68.0,0.0
Sweden,Örebro,,,2020-03-28,75.0,0.0
Sweden,Örebro,,,2020-03-29,77.0,0.0
Sweden,Örebro,,,2020-03-30,86.0,0.0
Sweden,Örebro,,,2020-03-31,109.0,1.0
Sweden,Örebro,,,2020-04-01,117.0,1.0
Sweden,Örebro,,,2020-04-02,121.0,1.0
Sweden,Örebro,,,2020-04-03,166.0,1.0
Sweden,Örebro,,,2020-04-04,166.0,1.0
Sweden,Örebro,,,2020-04-05,172.0,1.0
Sweden,Örebro,,,2020-04-06,173.0,1.0
Sweden,Örebro,,,2020-04-07,185.0,1.0
Sweden,Örebro,,,2020-04-08,230.0,3.0
Sweden,Örebro,,,2020-04-09,279.0,4.0
Sweden,Örebro,,,2020-04-10,302.0,5.0
Sweden,Örebro,,,2020-04-11,308.0,5.0
Sweden,Örebro,,,2020-04-12,316.0,5.0
Sweden,Örebro,,,2020-04-13,383.0,5.0
Sweden,Örebro,,,2020-04-14,388.0,6.0
Sweden,Örebro,,,2020-04-15,401.0,7.0
Sweden,Örebro,,,2020-04-16,421.0,7.0
Sweden,Örebro,,,2020-04-17,537.0,8.0
Sweden,Örebro,,,2020-04-18,566.0,20.0
Sweden,Örebro,,,2020-04-19,617.0,20.0
Sweden,Örebro,,,2020-04-20,630.0,22.0
Sweden,Örebro,,,2020-04-21,663.0,34.0
Sweden,Örebro,,,2020-04-22,720.0,39.0
Sweden,Örebro,,,2020-04-23,753.0,44.0
Sweden,Örebro,,,2020-04-24,802.0,48.0
Sweden,Örebro,,,2020-04-25,838.0,52.0
Sweden,Örebro,,,2020-04-26,860.0,52.0
Sweden,Örebro,,,2020-04-27,877.0,55.0
Sweden,Örebro,,,2020-04-28,928.0,58.0
Sweden,Örebro,,,2020-04-29,974.0,61.0
Sweden,Örebro,,,2020-04-30,1013.0,61.0
Sweden,Örebro,,,2020-05-01,1035.0,61.0
Sweden,Örebro,,,2020-05-02,1078.0,62.0
Sweden,Örebro,,,2020-05-03,1090.0,62.0
Sweden,Örebro,,,2020-05-04,1111.0,72.0
Sweden,Örebro,,,2020-05-05,1129.0,70.0
Sweden,Örebro,,,2020-05-06,1182.0,71.0
Sweden,Örebro,,,2020-05-07,1225.0,78.0
Sweden,Örebro,,,2020-05-08,1242.0,81.0
Sweden,Örebro,,,2020-05-09,1282.0,82.0
Sweden,Örebro,,,2020-05-10,1305.0,82.0
Sweden,Örebro,,,2020-05-11,1323.0,89.0
Sweden,Örebro,,,2020-05-12,1367.0,91.0
Sweden,Örebro,,,2020-05-13,1407.0,92.0
Sweden,Örebro,,,2020-05-14,1433.0,98.0
Sweden,Örebro,,,2020-05-15,1432.0,99.0
Sweden,Örebro,,,2020-05-16,1481.0,102.0
Sweden,Örebro,,,2020-05-17,1501.0,102.0
Sweden,Örebro,,,2020-05-18,1507.0,105.0
Sweden,Örebro,,,2020-05-19,1515.0,109.0
Sweden,Örebro,,,2020-05-20,1557.0,112.0
Sweden,Örebro,,,2020-05-21,1591.0,112.0
Sweden,Örebro,,,2020-05-22,1629.0,119.0
Sweden,Örebro,,,2020-05-23,1633.0,119.0
Sweden,Örebro,,,2020-05-24,1639.0,119.0
Sweden,Örebro,,,2020-05-25,1677.0,124.0
Sweden,Örebro,,,2020-05-26,1687.0,128.0
Sweden,Örebro,,,2020-05-27,1715.0,129.0
Sweden,Örebro,,,2020-05-28,1750.0,130.0
Sweden,Örebro,,,2020-05-29,1777.0,131.0
Sweden,Örebro,,,2020-05-30,1795.0,131.0
Sweden,Örebro,,,2020-05-31,1795.0,131.0
Sweden,Örebro,,,2020-06-01,1795.0,133.0
Sweden,Örebro,,,2020-06-02,1853.0,137.0
Sweden,Örebro,,,2020-06-03,1870.0,138.0
Sweden,Örebro,,,2020-06-04,1894.0,139.0
Sweden,Örebro,,,2020-06-05,1896.0,139.0
Sweden,Örebro,,,2020-06-06,1942.0,139.0
Sweden,Örebro,,,2020-06-07,1957.0,139.0
Sweden,Östergötland,,,2020-03-16,26.0,0.0
Sweden,Östergötland,,,2020-03-17,39.0,0.0
Sweden,Östergötland,,,2020-03-18,52.0,0.0
Sweden,Östergötland,,,2020-03-19,88.0,0.0
Sweden,Östergötland,,,2020-03-20,116.0,0.0
Sweden,Östergötland,,,2020-03-21,126.0,0.0
Sweden,Östergötland,,,2020-03-22,137.0,0.0
Sweden,Östergötland,,,2020-03-23,151.0,0.0
Sweden,Östergötland,,,2020-03-24,181.0,0.0
Sweden,Östergötland,,,2020-03-25,203.0,0.0
Sweden,Östergötland,,,2020-03-26,221.0,0.0
Sweden,Östergötland,,,2020-03-27,244.0,4.0
Sweden,Östergötland,,,2020-03-28,272.0,4.0
Sweden,Östergötland,,,2020-03-29,311.0,4.0
Sweden,Östergötland,,,2020-03-30,353.0,5.0
Sweden,Östergötland,,,2020-03-31,376.0,6.0
Sweden,Östergötland,,,2020-04-01,449.0,8.0
Sweden,Östergötland,,,2020-04-02,514.0,8.0
Sweden,Östergötland,,,2020-04-03,578.0,10.0
Sweden,Östergötland,,,2020-04-04,584.0,12.0
Sweden,Östergötland,,,2020-04-05,644.0,12.0
Sweden,Östergötland,,,2020-04-06,695.0,17.0
Sweden,Östergötland,,,2020-04-07,733.0,17.0
Sweden,Östergötland,,,2020-04-08,811.0,27.0
Sweden,Östergötland,,,2020-04-09,874.0,27.0
Sweden,Östergötland,,,2020-04-10,910.0,32.0
Sweden,Östergötland,,,2020-04-11,942.0,32.0
Sweden,Östergötland,,,2020-04-12,951.0,34.0
Sweden,Östergötland,,,2020-04-13,970.0,34.0
Sweden,Östergötland,,,2020-04-14,1011.0,35.0
Sweden,Östergötland,,,2020-04-15,1041.0,49.0
Sweden,Östergötland,,,2020-04-16,1068.0,56.0
Sweden,Östergötland,,,2020-04-17,1098.0,58.0
Sweden,Östergötland,,,2020-04-18,1106.0,58.0
Sweden,Östergötland,,,2020-04-19,1158.0,58.0
Sweden,Östergötland,,,2020-04-20,1174.0,58.0
Sweden,Östergötland,,,2020-04-21,1217.0,64.0
Sweden,Östergötland,,,2020-04-22,1248.0,80.0
Sweden,Östergötland,,,2020-04-23,1282.0,81.0
Sweden,Östergötland,,,2020-04-24,1305.0,90.0
Sweden,Östergötland,,,2020-04-25,1325.0,91.0
Sweden,Östergötland,,,2020-04-26,1355.0,91.0
Sweden,Östergötland,,,2020-04-27,1365.0,91.0
Sweden,Östergötland,,,2020-04-28,1401.0,92.0
Sweden,Östergötland,,,2020-04-29,1423.0,101.0
Sweden,Östergötland,,,2020-04-30,1440.0,102.0
Sweden,Östergötland,,,2020-05-01,1443.0,117.0
Sweden,Östergötland,,,2020-05-02,1468.0,117.0
Sweden,Östergötland,,,2020-05-03,1485.0,118.0
Sweden,Östergötland,,,2020-05-04,1499.0,121.0
Sweden,Östergötland,,,2020-05-05,1522.0,123.0
Sweden,Östergötland,,,2020-05-06,1537.0,134.0
Sweden,Östergötland,,,2020-05-07,1555.0,135.0
Sweden,Östergötland,,,2020-05-08,1576.0,136.0
Sweden,Östergötland,,,2020-05-09,1604.0,147.0
Sweden,Östergötland,,,2020-05-10,1620.0,147.0
Sweden,Östergötland,,,2020-05-11,1626.0,147.0
Sweden,Östergötland,,,2020-05-12,1650.0,148.0
Sweden,Östergötland,,,2020-05-13,1677.0,153.0
Sweden,Östergötland,,,2020-05-14,1706.0,153.0
Sweden,Östergötland,,,2020-05-15,1724.0,159.0
Sweden,Östergötland,,,2020-05-16,1729.0,159.0
Sweden,Östergötland,,,2020-05-17,1744.0,159.0
Sweden,Östergötland,,,2020-05-18,1776.0,159.0
Sweden,Östergötland,,,2020-05-19,1785.0,159.0
Sweden,Östergötland,,,2020-05-20,1826.0,162.0
Sweden,Östergötland,,,2020-05-21,1863.0,165.0
Sweden,Östergötland,,,2020-05-22,1871.0,165.0
Sweden,Östergötland,,,2020-05-23,1901.0,165.0
Sweden,Östergötland,,,2020-05-24,1903.0,165.0
Sweden,Östergötland,,,2020-05-25,1907.0,165.0
Sweden,Östergötland,,,2020-05-26,1944.0,172.0
Sweden,Östergötland,,,2020-05-27,1944.0,179.0
Sweden,Östergötland,,,2020-05-28,1974.0,179.0
Sweden,Östergötland,,,2020-05-29,1974.0,190.0
Sweden,Östergötland,,,2020-05-30,1975.0,190.0
Sweden,Östergötland,,,2020-05-31,1975.0,190.0
Sweden,Östergötland,,,2020-06-01,1975.0,190.0
Sweden,Östergötland,,,2020-06-02,2067.0,190.0
Sweden,Östergötland,,,2020-06-03,2099.0,190.0
Sweden,Östergötland,,,2020-06-04,2159.0,194.0
Sweden,Östergötland,,,2020-06-05,2197.0,194.0
Sweden,Östergötland,,,2020-06-06,2238.0,198.0
Sweden,Östergötland,,,2020-06-07,2253.0,198.0
